Make;Model;Annual Petroleum Consumption For Fuel Type1;Annual Petroleum Consumption For Fuel Type2;Time to charge at 120V;Time to charge at 240V;City Mpg For Fuel Type1;Unrounded City Mpg For Fuel Type1 (2);City Mpg For Fuel Type2;Unrounded City Mpg For Fuel Type2;City gasoline consumption;City electricity consumption;EPA city utility factor;Co2 Fuel Type1;Co2 Fuel Type2;Co2  Tailpipe For Fuel Type2;Co2  Tailpipe For Fuel Type1;Combined Mpg For Fuel Type1;Unrounded Combined Mpg For Fuel Type1;Combined Mpg For Fuel Type2;Unrounded Combined Mpg For Fuel Type2;Combined electricity consumption;Combined gasoline consumption;EPA combined utility factor;Cylinders;Engine displacement;Drive;EPA model type index;Engine descriptor;EPA Fuel Economy Score;Annual Fuel Cost For Fuel Type1;Annual Fuel Cost For Fuel Type2;Fuel Type;Fuel Type1;GHG Score;GHG Score Alternative Fuel;Highway Mpg For Fuel Type1;Unrounded Highway Mpg For Fuel Type1;Highway Mpg For Fuel Type2;Unrounded Highway Mpg For Fuel Type2;Highway gasoline consumption;Highway electricity consumption;EPA highway utility factor;Hatchback luggage volume;Hatchback passenger volume;ID;2 door luggage volume;4 door luggage volume;MPG Data;PHEV Blended;2-door passenger volume;4-door passenger volume;Range For Fuel Type1;Range  City For Fuel Type1;Range  City For Fuel Type2;Range  Highway For Fuel Type1;Range  Highway For Fuel Type2;Transmission;Unadjusted City Mpg For Fuel Type1;Unadjusted City Mpg For Fuel Type2;Unadjusted Highway Mpg For Fuel Type1;Unadjusted Highway Mpg For Fuel Type2;Vehicle Size Class;Year;You Save/Spend;Guzzler;Transmission descriptor;T Charger;S Charger;ATV Type;Fuel Type2;Epa Range For Fuel Type2;Electric motor;MFR Code;c240Dscr;charge240b;C240B Dscr;Created On;Modified On;Start-Stop;PHEV City;PHEV Highway;PHEV Combined;baseModel
Toyota;Corolla;11.442692307692308;0.0;0.0;0.0;24;0.0;0;0.0;0.0;0.0;0.0;-1;-1;0.0;341.8076923076923;26;0.0;0;0.0;0.0;0.0;0.0;4;1.6;Front-Wheel Drive;57020;FFS;;2050;0;Regular;Regular Gasoline;;;29;0.0;0;0.0;0.0;0.0;0.0;20;85;3324;0;13;Y;false;0;87;0;0.0;0.0;0.0;0.0;Automatic 3-spd;31.0;0.0;41.0256;0.0;Compact Cars;1987;-750;;;;;;;;;;;0.0;;2013-01-01;2013-01-01;;0;0;0;Corolla
Toyota;Corolla LE Eco;8.750294117647059;0.0;0.0;0.0;30;30.1147;0;0.0;0.0;0.0;0.0;263;-1;0.0;263.0;34;33.9095;0;0.0;0.0;0.0;0.0;4;1.8;Front-Wheel Drive;63;;9;1600;0;Regular;Regular Gasoline;9;;40;40.0829;0;0.0;0.0;0.0;0.0;0;0;34402;0;13;Y;false;0;98;0;0.0;0.0;0.0;0.0;Automatic (variable gear ratios);39.8449;0.0;59.4973;0.0;Midsize Cars;2014;1500;;;;;;;;;TYX;;0.0;;2013-01-01;2016-09-26;N;0;0;0;Corolla
Toyota;Corolla LE Eco;9.015454545454546;0.0;0.0;0.0;30;30.1147;0;0.0;0.0;0.0;0.0;266;-1;0.0;266.0;33;33.2763;0;0.0;0.0;0.0;0.0;4;1.8;Front-Wheel Drive;47;2-mode Normal/Eco Transmission;8;1650;0;Regular;Regular Gasoline;8;;38;38.1747;0;0.0;0.0;0.0;0.0;0;0;36804;0;13;Y;false;0;98;0;0.0;0.0;0.0;0.0;Automatic (variable gear ratios);39.8449;0.0;56.272;0.0;Midsize Cars;2016;1250;;;;;;;;;TYX;;0.0;;2015-08-12;2016-09-26;N;0;0;0;Corolla
Toyota;Corolla Sport;11.018888888888888;0.0;0.0;0.0;24;0.0;0;0.0;0.0;0.0;0.0;-1;-1;0.0;329.14814814814815;27;0.0;0;0.0;0.0;0.0;0.0;4;1.6;Rear-Wheel Drive;57020;FFS;;2000;0;Regular;Regular Gasoline;;;30;0.0;0;0.0;0.0;0.0;0.0;12;77;1927;9;0;N;false;78;0;0;0.0;0.0;0.0;0.0;Manual 5-spd;31.1111;0.0;42.3077;0.0;Subcompact Cars;1986;-500;;;;;;;;;;;0.0;;2013-01-01;2013-01-01;;0;0;0;Corolla
Toyota;Corolla;11.442692307692308;0.0;0.0;0.0;23;0.0;0;0.0;0.0;0.0;0.0;-1;-1;0.0;341.8076923076923;26;0.0;0;0.0;0.0;0.0;0.0;4;1.8;Front-Wheel Drive;57002;FFS;;2050;0;Regular;Regular Gasoline;;;31;0.0;0;0.0;0.0;0.0;0.0;0;0;13414;0;13;Y;false;0;86;0;0.0;0.0;0.0;0.0;Automatic 4-spd;30.0;0.0;44.0;0.0;Subcompact Cars;1997;-750;;;;;;;;;;;0.0;;2013-01-01;2013-01-01;;0;0;0;Corolla
Toyota;Corolla;9.597096774193549;0.0;0.0;0.0;28;0.0;0;0.0;0.0;0.0;0.0;-1;-1;0.0;286.6774193548387;31;0.0;0;0.0;0.0;0.0;0.0;4;1.8;Front-Wheel Drive;0;;;1750;0;Regular;Regular Gasoline;;;37;0.0;0;0.0;0.0;0.0;0.0;0;0;17631;0;12;Y;false;0;88;0;0.0;0.0;0.0;0.0;Manual 5-spd;35.9182;0.0;51.9783;0.0;Compact Cars;2002;750;;;;;;;;;;;0.0;;2013-01-01;2013-01-01;;0;0;0;Corolla
Toyota;Corolla Hatchback XSE;9.015454545454546;0.0;0.0;0.0;30;29.8859;0;0.0;0.0;0.0;0.0;266;-1;0.0;266.0;33;33.1681;0;0.0;0.0;0.0;0.0;4;2.0;Front-Wheel Drive;68;SIDI & PFI;8;1650;0;Regular;Regular Gasoline;8;;38;38.3105;0;0.0;0.0;0.0;0.0;18;85;40335;0;0;Y;false;0;0;0;0.0;0.0;0.0;0.0;Automatic (AV-S10);39.5;0.0;56.5;0.0;Compact Cars;2019;1250;;;;;;;;;TYX;;0.0;;2018-06-27;2018-08-10;N;0;0;0;Corolla
Toyota;Corolla XSE;8.750294117647059;0.0;0.0;0.0;31;30.5505;0;0.0;0.0;0.0;0.0;265;-1;0.0;265.0;34;33.6766;0;0.0;0.0;0.0;0.0;4;2.0;Front-Wheel Drive;12;SIDI & PFI;8;1600;0;Regular;Regular Gasoline;8;;38;38.4903;0;0.0;0.0;0.0;0.0;0;0;41216;0;13;N;false;0;89;0;0.0;0.0;0.0;0.0;Automatic (AV-S10);40.5039;0.0;56.8023;0.0;Compact Cars;2020;1500;;;;;;;;;TYX;;0.0;;2019-02-06;2019-04-16;N;0;0;0;Corolla
Toyota;Corolla Hatchback;8.500285714285715;0.0;0.0;0.0;32;32.0528;0;0.0;0.0;0.0;0.0;254;-1;0.0;254.0;35;35.0;0;0.0;0.0;0.0;0.0;4;2.0;Front-Wheel Drive;99;SIDI & PFI;7;1550;0;Regular;Regular Gasoline;7;;41;41.0;0;0.0;0.0;0.0;0.0;18;85;47345;0;0;N;false;0;0;0;0.0;0.0;0.0;0.0;Automatic (AV-S10);42.7963;0.0;62.2;0.0;Compact Cars;2024;1750;;;;;;;;;TYX;;0.0;;2023-11-06;2024-01-18;N;0;0;0;Corolla
Toyota;Corolla;11.900400000000001;0.0;0.0;0.0;23;0.0;0;0.0;0.0;0.0;0.0;-1;-1;0.0;355.48;25;0.0;0;0.0;0.0;0.0;0.0;4;1.6;Front-Wheel Drive;57004;4A-GE    FFS;;2150;0;Regular;Regular Gasoline;;;28;0.0;0;0.0;0.0;0.0;0.0;0;0;5487;12;11;Y;false;76;84;0;0.0;0.0;0.0;0.0;Manual 5-spd;29.0;0.0;39.7436;0.0;Subcompact Cars;1989;-1250;;;;;;;;;;;0.0;;2013-01-01;2013-01-01;;0;0;0;Corolla
Toyota;Corolla;11.442692307692308;0.0;0.0;0.0;24;0.0;0;0.0;0.0;0.0;0.0;-1;-1;0.0;341.8076923076923;26;0.0;0;0.0;0.0;0.0;0.0;4;1.6;Front-Wheel Drive;57020;FFS;;2050;0;Regular;Regular Gasoline;;;29;0.0;0;0.0;0.0;0.0;0.0;20;85;392;0;13;N;false;0;87;0;0.0;0.0;0.0;0.0;Automatic 3-spd;31.0;0.0;41.0;0.0;Compact Cars;1985;-750;;;;;;;;;;;0.0;;2013-01-01;2013-01-01;;0;0;0;Corolla
Toyota;Corolla LE Eco;8.750294117647059;0.0;0.0;0.0;30;30.0;0;0.0;0.0;0.0;0.0;263;-1;0.0;263.0;34;34.0354;0;0.0;0.0;0.0;0.0;4;1.8;Front-Wheel Drive;31;;8;1600;0;Regular;Regular Gasoline;8;;40;39.5547;0;0.0;0.0;0.0;0.0;0;0;39344;0;13;Y;false;0;98;0;0.0;0.0;0.0;0.0;Automatic (variable gear ratios);40.5;0.0;58.6;0.0;Midsize Cars;2018;1500;;;;;;;;;TYX;;0.0;;2017-08-28;2017-12-20;N;0;0;0;Corolla
Toyota;Corolla LE Eco;9.015454545454546;0.0;0.0;0.0;29;29.4867;0;0.0;0.0;0.0;0.0;271;-1;0.0;271.0;33;32.6559;0;0.0;0.0;0.0;0.0;4;1.8;Front-Wheel Drive;32;2-mode Normal/Eco Transmission;8;1650;0;Regular;Regular Gasoline;8;;38;37.5944;0;0.0;0.0;0.0;0.0;0;0;39345;0;13;N;false;0;98;0;0.0;0.0;0.0;0.0;Automatic (variable gear ratios);38.9;0.0;55.3;0.0;Midsize Cars;2018;1250;;;;;;;;;TYX;;0.0;;2017-08-28;2017-12-20;N;0;0;0;Corolla
Toyota;Corolla;9.015454545454546;0.0;0.0;0.0;29;29.2865;0;0.0;0.0;0.0;0.0;266;-1;0.0;266.0;33;33.1228;0;0.0;0.0;0.0;0.0;4;1.8;Front-Wheel Drive;14;;7;1650;0;Regular;Regular Gasoline;7;;39;39.4367;0;0.0;0.0;0.0;0.0;0;0;41218;0;13;N;false;0;89;0;0.0;0.0;0.0;0.0;Manual 6-spd;38.6;0.0;58.4;0.0;Compact Cars;2020;1250;;;;;;;;;TYX;;0.0;;2019-02-06;2019-04-16;N;0;0;0;Corolla
Toyota;Corolla Hatchback;8.500285714285715;0.0;0.0;0.0;32;31.8662;0;0.0;0.0;0.0;0.0;250;-1;0.0;250.0;35;35.4774;0;0.0;0.0;0.0;0.0;4;2.0;Front-Wheel Drive;71;SIDI & PFI;8;1550;0;Regular;Regular Gasoline;8;;41;41.1813;0;0.0;0.0;0.0;0.0;18;85;42093;0;0;N;false;0;0;0;0.0;0.0;0.0;0.0;Automatic (AV-S10);42.5097;0.0;61.3743;0.0;Compact Cars;2020;1750;;;;;;;;;TYX;;0.0;;2019-09-25;2019-11-08;N;0;0;0;Corolla
Toyota;Corolla;9.015454545454546;0.0;0.0;0.0;30;29.7701;0;0.0;0.0;0.0;0.0;267;-1;0.0;267.0;33;33.0246;0;0.0;0.0;0.0;0.0;4;1.8;Front-Wheel Drive;2;;7;1650;0;Regular;Regular Gasoline;7;;38;38.1176;0;0.0;0.0;0.0;0.0;0;0;42582;0;13;Y;false;0;89;0;0.0;0.0;0.0;0.0;Automatic (variable gear ratios);39.3258;0.0;56.1761;0.0;Compact Cars;2021;1250;;;;;;;;;TYX;;0.0;;2020-04-24;2020-08-24;N;0;0;0;Corolla
Toyota;Corolla;9.015454545454546;0.0;0.0;0.0;30;29.7651;0;0.0;0.0;0.0;0.0;267;-1;0.0;267.0;33;33.0167;0;0.0;0.0;0.0;0.0;4;1.8;Front-Wheel Drive;1;;7;1650;0;Regular;Regular Gasoline;7;;38;38.1044;0;0.0;0.0;0.0;0.0;0;0;44070;0;13;N;false;0;89;0;0.0;0.0;0.0;0.0;Automatic (variable gear ratios);39.3183;0.0;56.1539;0.0;Compact Cars;2022;1250;;;;;;;;;TYX;;0.0;;2021-06-24;2021-10-26;N;0;0;0;Corolla
Toyota;Corolla Hatchback;8.500285714285715;0.0;0.0;0.0;32;31.798;0;0.0;0.0;0.0;0.0;251;-1;0.0;251.0;35;35.3728;0;0.0;0.0;0.0;0.0;4;2.0;Front-Wheel Drive;42;SIDI & PFI;7;1550;0;Regular;Regular Gasoline;7;;41;41.0074;0;0.0;0.0;0.0;0.0;18;85;44238;0;0;N;false;0;0;0;0.0;0.0;0.0;0.0;Automatic (AV-S10);42.4052;0.0;61.0762;0.0;Compact Cars;2022;1750;;;;;;;;;TYX;;0.0;;2021-07-26;2021-10-26;N;0;0;0;Corolla
Toyota;Corolla Hatchback;8.500285714285715;0.0;0.0;0.0;32;31.7383;0;0.0;0.0;0.0;0.0;252;-1;0.0;252.0;35;35.2813;0;0.0;0.0;0.0;0.0;4;2.0;Front-Wheel Drive;12;SIDI & PFI;7;1550;0;Regular;Regular Gasoline;7;;41;40.8556;0;0.0;0.0;0.0;0.0;18;85;45899;0;0;N;false;0;0;0;0.0;0.0;0.0;0.0;Automatic (AV-S10);42.3137;0.0;60.8162;0.0;Compact Cars;2023;1750;;;;;;;;;TYX;;0.0;;2022-09-20;2023-05-17;N;0;0;0;Corolla
Toyota;Corolla;8.750294117647059;0.0;0.0;0.0;31;30.8533;0;0.0;0.0;0.0;0.0;258;-1;0.0;258.0;34;34.2348;0;0.0;0.0;0.0;0.0;4;2.0;Front-Wheel Drive;49;"SIDI & PFI; 3-mode";7;1600;0;Regular;Regular Gasoline;7;;40;39.53;0;0.0;0.0;0.0;0.0;0;0;45932;0;13;N;false;0;89;0;0.0;0.0;0.0;0.0;Automatic (AV-S10);40.9634;0.0;58.5582;0.0;Compact Cars;2023;1500;;;;;;;;;TYX;;0.0;;2022-10-03;2023-05-17;N;0;0;0;Corolla
Toyota;Corolla Sport;11.018888888888888;0.0;0.0;0.0;24;0.0;0;0.0;0.0;0.0;0.0;-1;-1;0.0;329.14814814814815;27;0.0;0;0.0;0.0;0.0;0.0;4;1.6;Rear-Wheel Drive;57020;FFS 2 barrel carb;;2000;0;Regular;Regular Gasoline;;;30;0.0;0;0.0;0.0;0.0;0.0;12;77;3144;9;0;N;false;78;0;0;0.0;0.0;0.0;0.0;Manual 5-spd;31.1111;0.0;42.3077;0.0;Subcompact Cars;1987;-500;;;;;;;;;;;0.0;;2013-01-01;2013-01-01;;0;0;0;Corolla
Toyota;Corolla;9.2971875;0.0;0.0;0.0;29;28.5494;0;0.0;0.0;0.0;0.0;281;-1;0.0;281.0;32;31.7779;0;0.0;0.0;0.0;0.0;4;1.8;Front-Wheel Drive;33;;8;1700;0;Regular;Regular Gasoline;8;;37;36.8746;0;0.0;0.0;0.0;0.0;0;0;35498;0;13;Y;false;0;98;0;0.0;0.0;0.0;0.0;Automatic (variable gear ratios);37.5;0.0;54.1;0.0;Midsize Cars;2015;1000;;;;;;;;;TYX;;0.0;;2014-08-12;2016-09-26;N;0;0;0;Corolla
Toyota;Corolla Wagon;11.018888888888888;0.0;0.0;0.0;25;0.0;0;0.0;0.0;0.0;0.0;-1;-1;0.0;329.14814814814815;27;0.0;0;0.0;0.0;0.0;0.0;4;1.8;Front-Wheel Drive;57003;FFS;;2000;0;Regular;Regular Gasoline;;;31;0.0;0;0.0;0.0;0.0;0.0;0;0;12918;0;31;Y;false;0;91;0;0.0;0.0;0.0;0.0;Manual 5-spd;32.0;0.0;44.0;0.0;Small Station Wagons;1996;-500;;;;;;;;;;;0.0;;2013-01-01;2013-01-01;;0;0;0;Corolla
Toyota;Corolla Cross Hybrid AWD;7.083571428571429;0.0;0.0;0.0;45;45.0;0;0.0;0.0;0.0;0.0;209;-1;0.0;209.0;42;42.0;0;0.0;0.0;0.0;0.0;4;2.0;All-Wheel Drive;82;"SIDI & PFI; Hybrid";8;1300;0;Regular;Regular Gasoline;8;;38;38.0;0;0.0;0.0;0.0;0.0;0;0;47519;0;0;Y;false;0;0;0;0.0;0.0;0.0;0.0;Automatic (AV-S6);66.75;0.0;57.6664;0.0;Small Sport Utility Vehicle 4WD;2023;3000;;;;;Hybrid;;;222V Li-Ion;TYX;;0.0;;2023-11-06;2024-04-30;Y;0;0;0;Corolla Cross
Toyota;Corolla;11.442692307692308;0.0;0.0;0.0;24;0.0;0;0.0;0.0;0.0;0.0;-1;-1;0.0;341.8076923076923;26;0.0;0;0.0;0.0;0.0;0.0;4;1.6;Front-Wheel Drive;57007;4A-FE    FFS;;2050;0;Regular;Regular Gasoline;;;30;0.0;0;0.0;0.0;0.0;0.0;0;0;6622;12;11;Y;false;76;84;0;0.0;0.0;0.0;0.0;Manual 5-spd;31.0;0.0;42.0;0.0;Subcompact Cars;1990;-750;;;;;;;;;;;0.0;;2013-01-01;2013-01-01;;0;0;0;Corolla
Toyota;Corolla All-Trac Wagon;14.167142857142858;0.0;0.0;0.0;19;0.0;0;0.0;0.0;0.0;0.0;-1;-1;0.0;423.1904761904762;21;0.0;0;0.0;0.0;0.0;0.0;4;1.6;4-Wheel or All-Wheel Drive;57007;4A-FE    FFS;;2550;0;Regular;Regular Gasoline;;;25;0.0;0;0.0;0.0;0.0;0.0;0;0;8068;0;26;N;false;0;87;0;0.0;0.0;0.0;0.0;Manual 5-spd;24.0;0.0;35.0;0.0;Small Station Wagons;1991;-3250;;;;;;;;;;;0.0;;2013-01-01;2013-01-01;;0;0;0;Corolla
Toyota;Corolla;11.900400000000001;0.0;0.0;0.0;22;0.0;0;0.0;0.0;0.0;0.0;-1;-1;0.0;355.48;25;0.0;0;0.0;0.0;0.0;0.0;4;1.8;Front-Wheel Drive;0;SPORTS;;2700;0;Premium;Premium Gasoline;;;31;0.0;0;0.0;0.0;0.0;0.0;0;0;21883;0;14;Y;false;0;89;0;0.0;0.0;0.0;0.0;Manual 6-spd;28.5;0.0;43.1;0.0;Compact Cars;2006;-4000;;;;;;;;;;;0.0;;2013-01-01;2013-01-01;;0;0;0;Corolla
Toyota;Corolla;9.2971875;0.0;0.0;0.0;28;28.4148;0;0.0;0.0;0.0;0.0;281;-1;0.0;281.0;32;31.5246;0;0.0;0.0;0.0;0.0;4;1.8;Front-Wheel Drive;86;;7;1700;0;Regular;Regular Gasoline;7;;36;36.3927;0;0.0;0.0;0.0;0.0;0;0;38153;0;13;Y;false;0;98;0;0.0;0.0;0.0;0.0;Automatic (variable gear ratios);37.3;0.0;53.3;0.0;Midsize Cars;2017;1000;;;;;;;;;TYX;;0.0;;2016-09-13;2016-11-22;N;0;0;0;Corolla
Toyota;Corolla;9.597096774193549;0.0;0.0;0.0;28;28.0777;0;0.0;0.0;0.0;0.0;286;-1;0.0;286.0;31;30.9046;0;0.0;0.0;0.0;0.0;4;1.8;Front-Wheel Drive;53;;7;1750;0;Regular;Regular Gasoline;7;;35;35.2413;0;0.0;0.0;0.0;0.0;0;0;40242;0;13;N;false;0;98;0;0.0;0.0;0.0;0.0;Automatic (AV-S7);36.8;0.0;51.4;0.0;Midsize Cars;2019;750;;;;;;;;;TYX;;0.0;;2018-06-13;2018-08-10;N;0;0;0;Corolla
Toyota;Corolla;8.750294117647059;0.0;0.0;0.0;31;30.8774;0;0.0;0.0;0.0;0.0;257;-1;0.0;257.0;34;34.2793;0;0.0;0.0;0.0;0.0;4;2.0;Front-Wheel Drive;4;SIDI & PFI;8;1600;0;Regular;Regular Gasoline;8;;40;39.6137;0;0.0;0.0;0.0;0.0;0;0;41213;0;13;Y;false;0;89;0;0.0;0.0;0.0;0.0;Automatic (AV-S10);41.0;0.0;58.7;0.0;Compact Cars;2020;1500;;;;;;;;;TYX;;0.0;;2019-02-06;2019-04-16;N;0;0;0;Corolla
Toyota;Corolla FX;12.39625;0.0;0.0;0.0;21;0.0;0;0.0;0.0;0.0;0.0;-1;-1;0.0;370.2916666666667;24;0.0;0;0.0;0.0;0.0;0.0;4;1.6;Front-Wheel Drive;57611;16-VALVE FFS;;2250;0;Regular;Regular Gasoline;;;28;0.0;0;0.0;0.0;0.0;0.0;14;86;3141;0;0;N;false;0;0;0;0.0;0.0;0.0;0.0;Automatic 4-spd;27.0;0.0;39.0;0.0;Subcompact Cars;1987;-1750;;2MODE 2LKUP;;;;;;;;;0.0;;2013-01-01;2013-01-01;;0;0;0;Corolla
Toyota;Corolla;11.900400000000001;0.0;0.0;0.0;22;0.0;0;0.0;0.0;0.0;0.0;-1;-1;0.0;355.48;25;0.0;0;0.0;0.0;0.0;0.0;4;2.4;Front-Wheel Drive;8;;;2150;0;Regular;Regular Gasoline;;;30;0.0;0;0.0;0.0;0.0;0.0;0;0;26378;0;12;N;false;0;92;0;0.0;0.0;0.0;0.0;Manual 5-spd;27.3;0.0;42.2;0.0;Compact Cars;2010;-1250;;;;;;;;;;;0.0;;2013-01-01;2013-01-01;;0;0;0;Corolla
Toyota;Corolla Wagon;11.442692307692308;0.0;0.0;0.0;23;0.0;0;0.0;0.0;0.0;0.0;-1;-1;0.0;341.8076923076923;26;0.0;0;0.0;0.0;0.0;0.0;4;1.8;Front-Wheel Drive;57003;FFS;;2050;0;Regular;Regular Gasoline;;;31;0.0;0;0.0;0.0;0.0;0.0;0;0;12917;0;31;Y;false;0;91;0;0.0;0.0;0.0;0.0;Automatic 4-spd;30.0;0.0;43.0;0.0;Small Station Wagons;1996;-750;;;;;;;;;;;0.0;;2013-01-01;2013-01-01;;0;0;0;Corolla
Toyota;Corolla Wagon;11.900400000000001;0.0;0.0;0.0;23;0.0;0;0.0;0.0;0.0;0.0;-1;-1;0.0;355.48;25;0.0;0;0.0;0.0;0.0;0.0;4;1.6;Front-Wheel Drive;57020;4A-F     FFS;;2150;0;Regular;Regular Gasoline;;;28;0.0;0;0.0;0.0;0.0;0.0;0;0;4708;0;31;N;false;0;88;0;0.0;0.0;0.0;0.0;Automatic 3-spd;30.0;0.0;39.0;0.0;Small Station Wagons;1988;-1250;;;;;;;;;;;0.0;;2013-01-01;2013-01-01;;0;0;0;Corolla
Toyota;Corolla iM;9.597096774193549;0.0;0.0;0.0;28;28.2127;0;0.0;0.0;0.0;0.0;283;-1;0.0;283.0;31;31.2448;0;0.0;0.0;0.0;0.0;4;1.8;Front-Wheel Drive;51;;7;1750;0;Regular;Regular Gasoline;7;;36;35.9696;0;0.0;0.0;0.0;0.0;21;90;39346;0;0;N;false;0;0;0;0.0;0.0;0.0;0.0;Automatic (AV-S7);37.0;0.0;52.6;0.0;Midsize Cars;2018;750;;;;;;;;;TYX;;0.0;;2017-08-28;2017-12-20;N;0;0;0;Corolla
Toyota;Corolla;8.750294117647059;0.0;0.0;0.0;31;30.8774;0;0.0;0.0;0.0;0.0;257;-1;0.0;257.0;34;34.2793;0;0.0;0.0;0.0;0.0;4;2.0;Front-Wheel Drive;9;SIDI & PFI;7;1600;0;Regular;Regular Gasoline;7;;40;39.6137;0;0.0;0.0;0.0;0.0;0;0;44074;0;13;Y;false;0;89;0;0.0;0.0;0.0;0.0;Automatic (AV-S10);41.0;0.0;58.7;0.0;Compact Cars;2022;1500;;;;;;;;;TYX;;0.0;;2021-06-24;2021-10-26;N;0;0;0;Corolla
Toyota;Corolla;9.597096774193549;0.0;0.0;0.0;28;0.0;0;0.0;0.0;0.0;0.0;-1;-1;0.0;286.6774193548387;31;0.0;0;0.0;0.0;0.0;0.0;4;1.8;Front-Wheel Drive;0;;;1750;0;Regular;Regular Gasoline;;;37;0.0;0;0.0;0.0;0.0;0.0;0;0;20797;0;14;Y;false;0;89;0;0.0;0.0;0.0;0.0;Manual 5-spd;35.7499;0.0;52.5496;0.0;Compact Cars;2005;750;;;;;;;;;;;0.0;;2013-01-01;2013-01-01;;0;0;0;Corolla
Toyota;Corolla;9.917;0.0;0.0;0.0;26;0.0;0;0.0;0.0;0.0;0.0;-1;-1;0.0;296.23333333333335;30;0.0;0;0.0;0.0;0.0;0.0;4;1.8;Front-Wheel Drive;4;;;1800;0;Regular;Regular Gasoline;;;35;0.0;0;0.0;0.0;0.0;0.0;0;0;26377;0;12;Y;false;0;92;0;0.0;0.0;0.0;0.0;Manual 5-spd;34.0;0.0;50.0;0.0;Compact Cars;2010;500;;;;;;;;;;;0.0;;2013-01-01;2013-01-01;;0;0;0;Corolla
Toyota;Corolla;13.52318181818182;0.0;0.0;0.0;20;0.0;0;0.0;0.0;0.0;0.0;-1;-1;0.0;403.95454545454544;22;0.0;0;0.0;0.0;0.0;0.0;4;1.6;4-Wheel or All-Wheel Drive;57003;4A-FE    FFS;;2450;0;Regular;Regular Gasoline;;;26;0.0;0;0.0;0.0;0.0;0.0;0;0;5486;12;11;N;false;76;84;0;0.0;0.0;0.0;0.0;Manual 5-spd;25.0;0.0;35.8974;0.0;Subcompact Cars;1989;-2750;;;;;;;;;;;0.0;;2013-01-01;2013-01-01;;0;0;0;Corolla
Toyota;Corolla;11.442692307692308;0.0;0.0;0.0;23;0.0;0;0.0;0.0;0.0;0.0;-1;-1;0.0;341.8076923076923;26;0.0;0;0.0;0.0;0.0;0.0;4;1.6;Front-Wheel Drive;57020;4A-F     FFS;;2050;0;Regular;Regular Gasoline;;;31;0.0;0;0.0;0.0;0.0;0.0;0;0;4340;12;13;N;false;76;84;0;0.0;0.0;0.0;0.0;Automatic 4-spd;30.0;0.0;43.0;0.0;Subcompact Cars;1988;-750;;;;;;;;;;;0.0;;2013-01-01;2013-01-01;;0;0;0;Corolla
Toyota;Corolla Sport;11.900400000000001;0.0;0.0;0.0;23;0.0;0;0.0;0.0;0.0;0.0;-1;-1;0.0;355.48;25;0.0;0;0.0;0.0;0.0;0.0;4;1.6;Rear-Wheel Drive;57025;FFS fuel injection;;2150;0;Regular;Regular Gasoline;;;29;0.0;0;0.0;0.0;0.0;0.0;12;77;3145;9;0;N;false;78;0;0;0.0;0.0;0.0;0.0;Manual 5-spd;29.0;0.0;41.0;0.0;Subcompact Cars;1987;-1250;;;;;;;;;;;0.0;;2013-01-01;2013-01-01;;0;0;0;Corolla
Toyota;Corolla;10.25896551724138;0.0;0.0;0.0;26;25.8259;0;0.0;0.0;0.0;0.0;-1;-1;0.0;306.44827586206895;29;28.8031;0;0.0;0.0;0.0;0.0;4;1.8;Front-Wheel Drive;68;;;1850;0;Regular;Regular Gasoline;;;34;33.5269;0;0.0;0.0;0.0;0.0;0;0;32181;0;12;Y;false;0;92;0;0.0;0.0;0.0;0.0;Automatic 4-spd;33.5;0.0;48.6;0.0;Compact Cars;2012;250;;;;;;;;;TYX;;0.0;;2013-01-01;2016-09-26;;0;0;0;Corolla
Toyota;Corolla;10.25896551724138;0.0;0.0;0.0;26;0.0;0;0.0;0.0;0.0;0.0;-1;-1;0.0;306.44827586206895;29;0.0;0;0.0;0.0;0.0;0.0;4;1.6;;57030;FFS;;1850;0;Regular;Regular Gasoline;;;33;0.0;0;0.0;0.0;0.0;0.0;20;85;26912;0;13;N;false;0;87;0;0.0;0.0;0.0;0.0;Manual 5-spd;34.0;0.0;47.0;0.0;Compact Cars;1984;250;;;;;;;;;;;0.0;;2013-01-01;2013-01-01;;0;0;0;Corolla
Toyota;Corolla All-Trac Wagon;12.935217391304349;0.0;0.0;0.0;21;0.0;0;0.0;0.0;0.0;0.0;-1;-1;0.0;386.39130434782606;23;0.0;0;0.0;0.0;0.0;0.0;4;1.6;4-Wheel or All-Wheel Drive;57007;4A-FE    FFS;;2350;0;Regular;Regular Gasoline;;;26;0.0;0;0.0;0.0;0.0;0.0;0;0;8067;0;26;N;false;0;87;0;0.0;0.0;0.0;0.0;Automatic 4-spd;26.0;0.0;37.0;0.0;Small Station Wagons;1991;-2250;;;;;;;;;;;0.0;;2013-01-01;2013-01-01;;0;0;0;Corolla
Toyota;Corolla;11.442692307692308;0.0;0.0;0.0;23;0.0;0;0.0;0.0;0.0;0.0;-1;-1;0.0;341.8076923076923;26;0.0;0;0.0;0.0;0.0;0.0;4;1.8;Front-Wheel Drive;57006;FFS;;2050;0;Regular;Regular Gasoline;;;30;0.0;0;0.0;0.0;0.0;0.0;0;0;10006;0;13;Y;false;0;89;0;0.0;0.0;0.0;0.0;Manual 5-spd;30.0;0.0;42.3077;0.0;Compact Cars;1993;-750;;;;;;;;;;;0.0;;2013-01-01;2013-01-01;;0;0;0;Corolla
Toyota;Corolla;12.39625;0.0;0.0;0.0;23;0.0;0;0.0;0.0;0.0;0.0;-1;-1;0.0;370.2916666666667;24;0.0;0;0.0;0.0;0.0;0.0;4;1.6;Front-Wheel Drive;57003;FFS;;2250;0;Regular;Regular Gasoline;;;27;0.0;0;0.0;0.0;0.0;0.0;0;0;10974;0;13;Y;false;0;89;0;0.0;0.0;0.0;0.0;Automatic 3-spd;29.0;0.0;37.1795;0.0;Compact Cars;1994;-1750;;;;;;;;;;;0.0;;2013-01-01;2013-01-01;;0;0;0;Corolla
Toyota;Corolla;10.625357142857142;0.0;0.0;0.0;25;0.0;0;0.0;0.0;0.0;0.0;-1;-1;0.0;317.39285714285717;28;0.0;0;0.0;0.0;0.0;0.0;4;1.8;Front-Wheel Drive;0;;;1900;0;Regular;Regular Gasoline;;;33;0.0;0;0.0;0.0;0.0;0.0;0;0;14264;0;12;Y;false;0;88;0;0.0;0.0;0.0;0.0;Automatic 4-spd;31.6054;0.0;46.1779;0.0;Compact Cars;1998;0;;CLKUP;;;;;;;;;0.0;;2013-01-01;2013-01-01;;0;0;0;Corolla
Toyota;Corolla;12.39625;0.0;0.0;0.0;22;0.0;0;0.0;0.0;0.0;0.0;-1;-1;0.0;370.2916666666667;24;0.0;0;0.0;0.0;0.0;0.0;4;1.6;Front-Wheel Drive;57025;FFS;;2250;0;Regular;Regular Gasoline;;;27;0.0;0;0.0;0.0;0.0;0.0;0;0;4342;12;13;N;false;76;84;0;0.0;0.0;0.0;0.0;Manual 5-spd;28.0;0.0;37.1795;0.0;Subcompact Cars;1988;-1750;;;;;;;;;;;0.0;;2013-01-01;2013-01-01;;0;0;0;Corolla
Toyota;Corolla Hybrid AWD;6.76159090909091;0.0;0.0;0.0;47;47.0;0;0.0;0.0;0.0;0.0;199;-1;0.0;199.0;44;44.0;0;0.0;0.0;0.0;0.0;4;1.8;All-Wheel Drive;37;"Hybrid; with Sport mode";8;1200;0;Regular;Regular Gasoline;8;;41;41.0;0;0.0;0.0;0.0;0.0;0;0;45930;0;13;Y;false;0;89;0;0.0;0.0;0.0;0.0;Automatic (variable gear ratios);65.5;0.0;61.0;0.0;Compact Cars;2023;3500;;;;;Hybrid;;;207V Li-Ion;TYX;;0.0;;2022-10-03;2023-05-17;Y;0;0;0;Corolla
Toyota;Corolla FX;12.39625;0.0;0.0;0.0;22;0.0;0;0.0;0.0;0.0;0.0;-1;-1;0.0;370.2916666666667;24;0.0;0;0.0;0.0;0.0;0.0;4;1.6;Front-Wheel Drive;57611;16-VALVE FFS;;2250;0;Regular;Regular Gasoline;;;27;0.0;0;0.0;0.0;0.0;0.0;14;86;3142;0;0;Y;false;0;0;0;0.0;0.0;0.0;0.0;Manual 5-spd;28.0;0.0;37.1795;0.0;Subcompact Cars;1987;-1750;;;;;;;;;;;0.0;;2013-01-01;2013-01-01;;0;0;0;Corolla
Toyota;Corolla Wagon;11.442692307692308;0.0;0.0;0.0;23;0.0;0;0.0;0.0;0.0;0.0;-1;-1;0.0;341.8076923076923;26;0.0;0;0.0;0.0;0.0;0.0;4;1.8;Front-Wheel Drive;57004;FFS;;2050;0;Regular;Regular Gasoline;;;31;0.0;0;0.0;0.0;0.0;0.0;0;0;11126;0;31;Y;false;0;91;0;0.0;0.0;0.0;0.0;Manual 5-spd;30.0;0.0;44.0;0.0;Small Station Wagons;1994;-750;;;;;;;;;;;0.0;;2013-01-01;2013-01-01;;0;0;0;Corolla
Toyota;Corolla;11.018888888888888;0.0;0.0;0.0;25;0.0;0;0.0;0.0;0.0;0.0;-1;-1;0.0;329.14814814814815;27;0.0;0;0.0;0.0;0.0;0.0;4;1.8;Front-Wheel Drive;0;;;2000;0;Regular;Regular Gasoline;;;30;0.0;0;0.0;0.0;0.0;0.0;0;0;17629;0;12;Y;false;0;88;0;0.0;0.0;0.0;0.0;Automatic 3-spd;31.8;0.0;42.8;0.0;Compact Cars;2002;-500;;;;;;;;;;;0.0;;2013-01-01;2013-01-01;;0;0;0;Corolla
Toyota;Corolla;10.25896551724138;0.0;0.0;0.0;26;25.686;0;0.0;0.0;0.0;0.0;311;-1;0.0;311.0;29;28.5539;0;0.0;0.0;0.0;0.0;4;1.8;Front-Wheel Drive;25;;8;1850;0;Regular;Regular Gasoline;8;;33;33.0661;0;0.0;0.0;0.0;0.0;0;0;32950;0;12;Y;false;0;92;0;0.0;0.0;0.0;0.0;Automatic 4-spd;33.2973;0.0;47.8533;0.0;Compact Cars;2013;250;;;;;;;;;TYX;;0.0;;2013-01-01;2016-09-26;N;0;0;0;Corolla
Toyota;Corolla;9.597096774193549;0.0;0.0;0.0;28;27.7116;0;0.0;0.0;0.0;0.0;285;-1;0.0;285.0;31;30.8654;0;0.0;0.0;0.0;0.0;4;1.8;Front-Wheel Drive;36;;8;1750;0;Regular;Regular Gasoline;8;;36;35.8524;0;0.0;0.0;0.0;0.0;0;0;35500;0;13;Y;false;0;98;0;0.0;0.0;0.0;0.0;Manual 6-spd;36.2588;0.0;52.4065;0.0;Midsize Cars;2015;750;;;;;;;;;TYX;;0.0;;2014-08-12;2016-09-26;N;0;0;0;Corolla
Toyota;Corolla;9.597096774193549;0.0;0.0;0.0;28;0.0;0;0.0;0.0;0.0;0.0;-1;-1;0.0;286.6774193548387;31;0.0;0;0.0;0.0;0.0;0.0;4;1.8;Front-Wheel Drive;0;;;1750;0;Regular;Regular Gasoline;;;37;0.0;0;0.0;0.0;0.0;0.0;0;0;24321;0;14;Y;false;0;89;0;0.0;0.0;0.0;0.0;Manual 5-spd;35.7499;0.0;52.5496;0.0;Compact Cars;2008;750;;;;;;;;;;;0.0;;2013-01-01;2013-01-01;;0;0;0;Corolla
Toyota;Corolla;11.900400000000001;0.0;0.0;0.0;22;0.0;0;0.0;0.0;0.0;0.0;-1;-1;0.0;355.48;25;0.0;0;0.0;0.0;0.0;0.0;4;2.4;Front-Wheel Drive;0;;;2150;0;Regular;Regular Gasoline;;;30;0.0;0;0.0;0.0;0.0;0.0;0;0;25253;0;12;Y;false;0;92;0;0.0;0.0;0.0;0.0;Automatic (S5);27.6;0.0;42.6;0.0;Compact Cars;2009;-1250;;CLKUP;;;;;;;;;0.0;;2013-01-01;2013-01-01;;0;0;0;Corolla
Toyota;Corolla Hybrid;6.330000000000001;0.0;0.0;0.0;50;50.3846;0;0.0;0.0;0.0;0.0;186;-1;0.0;186.0;47;47.0;0;0.0;0.0;0.0;0.0;4;1.8;Front-Wheel Drive;87;Hybrid;8;1150;0;Regular;Regular Gasoline;8;;43;43.0;0;0.0;0.0;0.0;0.0;0;0;47340;0;13;N;false;0;89;0;0.0;0.0;0.0;0.0;Automatic (variable gear ratios);70.8;0.0;64.2;0.0;Compact Cars;2024;3750;;;;;Hybrid;;;207V Li-Ion;TYX;;0.0;;2023-11-06;2024-01-18;Y;0;0;0;Corolla
Toyota;Corolla Cross AWD;9.917;0.0;0.0;0.0;29;29.0;0;0.0;0.0;0.0;0.0;294;-1;0.0;294.0;30;30.0;0;0.0;0.0;0.0;0.0;4;2.0;All-Wheel Drive;48;SIDI & PFI;6;1800;0;Regular;Regular Gasoline;6;;31;31.1142;0;0.0;0.0;0.0;0.0;0;0;47667;0;0;N;false;0;0;0;0.0;0.0;0.0;0.0;Automatic (AV-S10);39.9997;0.0;50.0;0.0;Small Sport Utility Vehicle 4WD;2024;500;;;;;;;;;TYX;;0.0;;2024-02-21;2024-04-16;Y;0;0;0;Corolla Cross
Toyota;Corolla Cross Hybrid AWD;7.083571428571429;0.0;0.0;0.0;45;45.0;0;0.0;0.0;0.0;0.0;209;-1;0.0;209.0;42;42.0;0;0.0;0.0;0.0;0.0;4;2.0;All-Wheel Drive;49;"SIDI & PFI; Hybrid";7;1300;0;Regular;Regular Gasoline;7;;38;38.0;0;0.0;0.0;0.0;0.0;0;0;47668;0;0;N;false;0;0;0;0.0;0.0;0.0;0.0;Automatic (AV-S6);66.4541;0.0;57.4797;0.0;Small Sport Utility Vehicle 4WD;2024;3000;;;;;Hybrid;;;222V Li-Ion;TYX;;0.0;;2024-02-21;2024-04-16;Y;0;0;0;Corolla Cross
Toyota;Corolla;11.900400000000001;0.0;0.0;0.0;22;0.0;0;0.0;0.0;0.0;0.0;-1;-1;0.0;355.48;25;0.0;0;0.0;0.0;0.0;0.0;4;1.6;Front-Wheel Drive;57008;4A-GE    FFS;;2700;0;Premium;Premium Gasoline;;;29;0.0;0;0.0;0.0;0.0;0.0;0;0;7726;12;13;N;false;76;84;0;0.0;0.0;0.0;0.0;Manual 5-spd;28.0;0.0;40.0;0.0;Subcompact Cars;1991;-4000;;;;;;;;;;;0.0;;2013-01-01;2013-01-01;;0;0;0;Corolla
Toyota;Corolla LE Eco;9.015454545454546;0.0;0.0;0.0;29;29.4867;0;0.0;0.0;0.0;0.0;271;-1;0.0;271.0;33;32.6559;0;0.0;0.0;0.0;0.0;4;1.8;Front-Wheel Drive;89;2-mode Normal/Eco Transmission;8;1650;0;Regular;Regular Gasoline;8;;38;37.5944;0;0.0;0.0;0.0;0.0;0;0;38156;0;13;N;false;0;98;0;0.0;0.0;0.0;0.0;Automatic (variable gear ratios);38.9;0.0;55.3;0.0;Midsize Cars;2017;1250;;;;;;;;;TYX;;0.0;;2016-09-13;2016-11-22;N;0;0;0;Corolla
Toyota;Corolla;9.2971875;0.0;0.0;0.0;28;28.4148;0;0.0;0.0;0.0;0.0;281;-1;0.0;281.0;32;31.5246;0;0.0;0.0;0.0;0.0;4;1.8;Front-Wheel Drive;52;;7;1700;0;Regular;Regular Gasoline;7;;36;36.3927;0;0.0;0.0;0.0;0.0;0;0;40241;0;13;Y;false;0;98;0;0.0;0.0;0.0;0.0;Automatic (variable gear ratios);37.3;0.0;53.3;0.0;Midsize Cars;2019;1000;;;;;;;;;TYX;;0.0;;2018-06-13;2018-08-10;N;0;0;0;Corolla
Toyota;Corolla Hybrid;5.721346153846154;0.0;0.0;0.0;53;53.0;0;0.0;0.0;0.0;0.0;170;-1;0.0;170.0;52;52.0;0;0.0;0.0;0.0;0.0;4;1.8;Front-Wheel Drive;7;Hybrid;10;1050;0;Regular;Regular Gasoline;10;;52;52.0;0;0.0;0.0;0.0;0.0;0;0;41214;0;13;Y;false;0;89;0;0.0;0.0;0.0;0.0;Automatic (variable gear ratios);78.064;0.0;76.1727;0.0;Compact Cars;2020;4250;;;;;Hybrid;;;202V Ni-MH;TYX;;0.0;;2019-02-06;2019-09-17;Y;0;0;0;Corolla
Toyota;Corolla FX;11.900400000000001;0.0;0.0;0.0;23;0.0;0;0.0;0.0;0.0;0.0;-1;-1;0.0;355.48;25;0.0;0;0.0;0.0;0.0;0.0;4;1.6;Front-Wheel Drive;57019;4A-LC    FFS;;2150;0;Regular;Regular Gasoline;;;28;0.0;0;0.0;0.0;0.0;0.0;14;86;4343;0;0;Y;false;0;0;0;0.0;0.0;0.0;0.0;Automatic 3-spd;30.0;0.0;39.7436;0.0;Subcompact Cars;1988;-1250;;;;;;;;;;;0.0;;2013-01-01;2013-01-01;;0;0;0;Corolla
Toyota;Corolla LE Eco;8.750294117647059;0.0;0.0;0.0;30;30.0;0;0.0;0.0;0.0;0.0;263;-1;0.0;263.0;34;34.0354;0;0.0;0.0;0.0;0.0;4;1.8;Front-Wheel Drive;88;;8;1600;0;Regular;Regular Gasoline;8;;40;39.5547;0;0.0;0.0;0.0;0.0;0;0;38155;0;13;Y;false;0;98;0;0.0;0.0;0.0;0.0;Automatic (variable gear ratios);40.5;0.0;58.6;0.0;Midsize Cars;2017;1500;;;;;;;;;TYX;;0.0;;2016-09-13;2016-11-22;N;0;0;0;Corolla
Toyota;Corolla;10.25896551724138;0.0;0.0;0.0;26;0.0;0;0.0;0.0;0.0;0.0;-1;-1;0.0;306.44827586206895;29;0.0;0;0.0;0.0;0.0;0.0;4;1.6;Front-Wheel Drive;57020;FFS;;1850;0;Regular;Regular Gasoline;;;33;0.0;0;0.0;0.0;0.0;0.0;20;85;394;0;13;Y;false;0;87;0;0.0;0.0;0.0;0.0;Manual 5-spd;33.3333;0.0;47.0;0.0;Compact Cars;1985;250;;;;;;;;;;;0.0;;2013-01-01;2013-01-01;;0;0;0;Corolla
Toyota;Corolla LE Eco;9.015454545454546;0.0;0.0;0.0;29;29.4867;0;0.0;0.0;0.0;0.0;271;-1;0.0;271.0;33;32.6559;0;0.0;0.0;0.0;0.0;4;1.8;Front-Wheel Drive;56;2-mode Normal/Eco Transmission;8;1650;0;Regular;Regular Gasoline;8;;38;37.5944;0;0.0;0.0;0.0;0.0;0;0;40245;0;13;N;false;0;98;0;0.0;0.0;0.0;0.0;Automatic (variable gear ratios);38.9;0.0;55.3;0.0;Midsize Cars;2019;1250;;;;;;;;;TYX;;0.0;;2018-06-13;2018-08-10;N;0;0;0;Corolla
Toyota;Corolla;9.2971875;0.0;0.0;0.0;29;28.8174;0;0.0;0.0;0.0;0.0;277;-1;0.0;277.0;32;31.8162;0;0.0;0.0;0.0;0.0;4;2.0;Front-Wheel Drive;11;SIDI & PFI;7;1700;0;Regular;Regular Gasoline;7;;36;36.4525;0;0.0;0.0;0.0;0.0;0;0;41215;0;13;N;false;0;89;0;0.0;0.0;0.0;0.0;Manual 6-spd;37.8991;0.0;53.3991;0.0;Compact Cars;2020;1000;;;;;;;;;TYX;;0.0;;2019-02-06;2019-04-16;N;0;0;0;Corolla
Toyota;Corolla Hatchback XSE;9.015454545454546;0.0;0.0;0.0;30;29.8859;0;0.0;0.0;0.0;0.0;266;-1;0.0;266.0;33;33.1681;0;0.0;0.0;0.0;0.0;4;2.0;Front-Wheel Drive;32;SIDI & PFI;7;1650;0;Regular;Regular Gasoline;7;;38;38.3105;0;0.0;0.0;0.0;0.0;18;85;42747;0;0;N;false;0;0;0;0.0;0.0;0.0;0.0;Automatic (AM-S10);39.5;0.0;56.5;0.0;Compact Cars;2021;1250;;;;;;;;;TYX;;0.0;;2020-06-24;2020-08-24;N;0;0;0;Corolla
Toyota;Corolla Hatchback XSE;9.015454545454546;0.0;0.0;0.0;30;29.8859;0;0.0;0.0;0.0;0.0;266;-1;0.0;266.0;33;33.1681;0;0.0;0.0;0.0;0.0;4;2.0;Front-Wheel Drive;13;SIDI & PFI;6;1650;0;Regular;Regular Gasoline;6;;38;38.3105;0;0.0;0.0;0.0;0.0;18;85;45900;0;0;N;false;0;0;0;0.0;0.0;0.0;0.0;Automatic (AV-S10);39.5;0.0;56.5;0.0;Compact Cars;2023;1250;;;;;;;;;TYX;;0.0;;2022-09-20;2023-05-17;N;0;0;0;Corolla
Toyota;Corolla Sport;11.442692307692308;0.0;0.0;0.0;23;0.0;0;0.0;0.0;0.0;0.0;-1;-1;0.0;341.8076923076923;26;0.0;0;0.0;0.0;0.0;0.0;4;1.6;Rear-Wheel Drive;57020;FFS;;2050;0;Regular;Regular Gasoline;;;30;0.0;0;0.0;0.0;0.0;0.0;12;77;1926;9;0;N;false;78;0;0;0.0;0.0;0.0;0.0;Automatic 4-spd;30.0;0.0;42.3077;0.0;Subcompact Cars;1986;-750;;;;;;;;;;;0.0;;2013-01-01;2013-01-01;;0;0;0;Corolla
Toyota;Corolla;10.25896551724138;0.0;0.0;0.0;26;0.0;0;0.0;0.0;0.0;0.0;-1;-1;0.0;306.44827586206895;29;0.0;0;0.0;0.0;0.0;0.0;4;1.8;Front-Wheel Drive;0;;;1850;0;Regular;Regular Gasoline;;;35;0.0;0;0.0;0.0;0.0;0.0;0;0;20796;0;14;Y;false;0;89;0;0.0;0.0;0.0;0.0;Automatic 4-spd;33.5463;0.0;49.0495;0.0;Compact Cars;2005;250;;CLKUP;;;;;;;;;0.0;;2013-01-01;2013-01-01;;0;0;0;Corolla
Toyota;Corolla Sport;11.018888888888888;0.0;0.0;0.0;25;0.0;0;0.0;0.0;0.0;0.0;-1;-1;0.0;329.14814814814815;27;0.0;0;0.0;0.0;0.0;0.0;4;1.6;;57031;FFS;;2000;0;Regular;Regular Gasoline;;;31;0.0;0;0.0;0.0;0.0;0.0;12;78;26772;10;0;N;false;79;0;0;0.0;0.0;0.0;0.0;Manual 5-spd;32.0;0.0;43.0;0.0;Subcompact Cars;1984;-500;;;;;;;;;;;0.0;;2013-01-01;2013-01-01;;0;0;0;Corolla
Toyota;Corolla All-Trac Wagon;12.935217391304349;0.0;0.0;0.0;21;0.0;0;0.0;0.0;0.0;0.0;-1;-1;0.0;386.39130434782606;23;0.0;0;0.0;0.0;0.0;0.0;4;1.6;4-Wheel or All-Wheel Drive;57003;4A-FE    FFS;;2350;0;Regular;Regular Gasoline;;;26;0.0;0;0.0;0.0;0.0;0.0;0;0;5857;0;26;N;false;0;87;0;0.0;0.0;0.0;0.0;Automatic 4-spd;26.0;0.0;37.0;0.0;Small Station Wagons;1989;-2250;;;;;;;;;;;0.0;;2013-01-01;2013-01-01;;0;0;0;Corolla
Toyota;Corolla Wagon;12.39625;0.0;0.0;0.0;23;0.0;0;0.0;0.0;0.0;0.0;-1;-1;0.0;370.2916666666667;24;0.0;0;0.0;0.0;0.0;0.0;4;1.6;Front-Wheel Drive;57007;4A-FE    FFS;;2250;0;Regular;Regular Gasoline;;;26;0.0;0;0.0;0.0;0.0;0.0;0;0;6941;0;31;Y;false;0;88;0;0.0;0.0;0.0;0.0;Automatic 3-spd;29.0;0.0;37.0;0.0;Small Station Wagons;1990;-1750;;;;;;;;;;;0.0;;2013-01-01;2013-01-01;;0;0;0;Corolla
Toyota;Corolla;11.442692307692308;0.0;0.0;0.0;24;0.0;0;0.0;0.0;0.0;0.0;-1;-1;0.0;341.8076923076923;26;0.0;0;0.0;0.0;0.0;0.0;4;1.6;Front-Wheel Drive;57007;4A-FE    FFS;;2050;0;Regular;Regular Gasoline;;;30;0.0;0;0.0;0.0;0.0;0.0;0;0;7727;12;13;Y;false;76;84;0;0.0;0.0;0.0;0.0;Manual 5-spd;31.0;0.0;42.0;0.0;Subcompact Cars;1991;-750;;;;;;;;;;;0.0;;2013-01-01;2013-01-01;;0;0;0;Corolla
Toyota;Corolla;11.018888888888888;0.0;0.0;0.0;24;0.0;0;0.0;0.0;0.0;0.0;-1;-1;0.0;329.14814814814815;27;0.0;0;0.0;0.0;0.0;0.0;4;1.6;Front-Wheel Drive;57020;FFS;;2000;0;Regular;Regular Gasoline;;;32;0.0;0;0.0;0.0;0.0;0.0;20;85;2072;0;13;N;false;0;87;0;0.0;0.0;0.0;0.0;Automatic 4-spd;31.0;0.0;44.8718;0.0;Compact Cars;1986;-500;;;;;;;;;;;0.0;;2013-01-01;2013-01-01;;0;0;0;Corolla
Toyota;Corolla Sport;11.018888888888888;0.0;0.0;0.0;25;0.0;0;0.0;0.0;0.0;0.0;-1;-1;0.0;329.14814814814815;27;0.0;0;0.0;0.0;0.0;0.0;4;1.6;Rear-Wheel Drive;57020;FFS;;2000;0;Regular;Regular Gasoline;;;31;0.0;0;0.0;0.0;0.0;0.0;12;78;235;10;0;Y;false;79;0;0;0.0;0.0;0.0;0.0;Manual 5-spd;32.0;0.0;43.0;0.0;Subcompact Cars;1985;-500;;;;;;;;;;;0.0;;2013-01-01;2013-01-01;;0;0;0;Corolla
Toyota;Corolla;11.018888888888888;0.0;0.0;0.0;24;0.0;0;0.0;0.0;0.0;0.0;-1;-1;0.0;329.14814814814815;27;0.0;0;0.0;0.0;0.0;0.0;4;1.6;Front-Wheel Drive;57004;FFS;;2000;0;Regular;Regular Gasoline;;;31;0.0;0;0.0;0.0;0.0;0.0;0;0;11924;0;13;Y;false;0;89;0;0.0;0.0;0.0;0.0;Manual 5-spd;31.0;0.0;44.0;0.0;Compact Cars;1995;-500;;;;;;;;;;;0.0;;2013-01-01;2013-01-01;;0;0;0;Corolla
Toyota;Corolla;11.018888888888888;0.0;0.0;0.0;24;0.0;0;0.0;0.0;0.0;0.0;-1;-1;0.0;329.14814814814815;27;0.0;0;0.0;0.0;0.0;0.0;4;1.8;Front-Wheel Drive;57005;FFS;;2000;0;Regular;Regular Gasoline;;;31;0.0;0;0.0;0.0;0.0;0.0;0;0;11926;0;13;Y;false;0;89;0;0.0;0.0;0.0;0.0;Manual 5-spd;31.0;0.0;44.0;0.0;Compact Cars;1995;-500;;;;;;;;;;;0.0;;2013-01-01;2013-01-01;;0;0;0;Corolla
Toyota;Corolla;10.625357142857142;0.0;0.0;0.0;25;0.0;0;0.0;0.0;0.0;0.0;-1;-1;0.0;317.39285714285717;28;0.0;0;0.0;0.0;0.0;0.0;4;1.8;Front-Wheel Drive;0;;;1900;0;Regular;Regular Gasoline;;;34;0.0;0;0.0;0.0;0.0;0.0;0;0;15844;0;12;Y;false;0;88;0;0.0;0.0;0.0;0.0;Automatic 4-spd;31.8493;0.0;47.3444;0.0;Compact Cars;2000;0;;CLKUP;;;;;;;;;0.0;;2013-01-01;2013-01-01;;0;0;0;Corolla
Toyota;Corolla;9.2971875;0.0;0.0;0.0;29;28.818;0;0.0;0.0;0.0;0.0;277;-1;0.0;277.0;32;31.8168;0;0.0;0.0;0.0;0.0;4;2.0;Front-Wheel Drive;10;SIDI & PFI;7;1700;0;Regular;Regular Gasoline;7;;36;36.453;0;0.0;0.0;0.0;0.0;0;0;44075;0;13;N;false;0;89;0;0.0;0.0;0.0;0.0;Manual 6-spd;37.9;0.0;53.4;0.0;Compact Cars;2022;1000;;;;;;;;;TYX;;0.0;;2021-06-24;2021-10-26;N;0;0;0;Corolla
Toyota;Corolla Cross 4WD;9.917;0.0;0.0;0.0;29;29.0;0;0.0;0.0;0.0;0.0;293;-1;0.0;293.0;30;30.0;0;0.0;0.0;0.0;0.0;4;2.0;All-Wheel Drive;112;SIDI & PFI;6;1800;0;Regular;Regular Gasoline;6;;32;31.6934;0;0.0;0.0;0.0;0.0;0;0;44593;0;0;Y;false;0;0;0;0.0;0.0;0.0;0.0;Automatic (AV-S10);39.3184;0.0;50.8474;0.0;Small Sport Utility Vehicle 4WD;2022;500;;;;;;;;;TYX;;0.0;;2021-10-04;2022-01-19;Y;0;0;0;Corolla Cross
Toyota;Corolla;11.900400000000001;0.0;0.0;0.0;23;0.0;0;0.0;0.0;0.0;0.0;-1;-1;0.0;355.48;25;0.0;0;0.0;0.0;0.0;0.0;4;1.6;Front-Wheel Drive;57002;FFS;;2150;0;Regular;Regular Gasoline;;;28;0.0;0;0.0;0.0;0.0;0.0;0;0;5482;12;11;Y;false;76;84;0;0.0;0.0;0.0;0.0;Automatic 3-spd;30.0;0.0;39.0;0.0;Subcompact Cars;1989;-1250;;;;;;;;;;;0.0;;2013-01-01;2013-01-01;;0;0;0;Corolla
Toyota;Corolla Wagon;11.900400000000001;0.0;0.0;0.0;23;0.0;0;0.0;0.0;0.0;0.0;-1;-1;0.0;355.48;25;0.0;0;0.0;0.0;0.0;0.0;4;1.6;Front-Wheel Drive;57002;FFS;;2150;0;Regular;Regular Gasoline;;;28;0.0;0;0.0;0.0;0.0;0.0;0;0;5859;0;31;Y;false;0;88;0;0.0;0.0;0.0;0.0;Automatic 3-spd;30.0;0.0;39.0;0.0;Small Station Wagons;1989;-1250;;;;;;;;;;;0.0;;2013-01-01;2013-01-01;;0;0;0;Corolla
Toyota;Corolla Wagon;12.39625;0.0;0.0;0.0;23;0.0;0;0.0;0.0;0.0;0.0;-1;-1;0.0;370.2916666666667;24;0.0;0;0.0;0.0;0.0;0.0;4;1.6;Front-Wheel Drive;57007;4A-FE    FFS;;2250;0;Regular;Regular Gasoline;;;26;0.0;0;0.0;0.0;0.0;0.0;0;0;8069;0;31;Y;false;0;88;0;0.0;0.0;0.0;0.0;Automatic 3-spd;28.8889;0.0;37.0;0.0;Small Station Wagons;1991;-1750;;;;;;;;;;;0.0;;2013-01-01;2013-01-01;;0;0;0;Corolla
Toyota;Corolla Wagon;11.442692307692308;0.0;0.0;0.0;24;0.0;0;0.0;0.0;0.0;0.0;-1;-1;0.0;341.8076923076923;26;0.0;0;0.0;0.0;0.0;0.0;4;1.6;Front-Wheel Drive;57007;4A-FE    FFS;;2050;0;Regular;Regular Gasoline;;;30;0.0;0;0.0;0.0;0.0;0.0;0;0;8070;0;31;Y;false;0;88;0;0.0;0.0;0.0;0.0;Manual 5-spd;31.0;0.0;42.0;0.0;Small Station Wagons;1991;-750;;;;;;;;;;;0.0;;2013-01-01;2013-01-01;;0;0;0;Corolla
Toyota;Corolla Wagon;12.39625;0.0;0.0;0.0;23;0.0;0;0.0;0.0;0.0;0.0;-1;-1;0.0;370.2916666666667;24;0.0;0;0.0;0.0;0.0;0.0;4;1.6;Front-Wheel Drive;57004;FFS;;2250;0;Regular;Regular Gasoline;;;26;0.0;0;0.0;0.0;0.0;0.0;0;0;9137;0;31;N;false;0;88;0;0.0;0.0;0.0;0.0;Automatic 3-spd;29.0;0.0;37.0;0.0;Small Station Wagons;1992;-1750;;;;;;;;;;;0.0;;2013-01-01;2013-01-01;;0;0;0;Corolla
Toyota;Corolla;9.922083333333335;0.0;0.0;0.0;32;0.0;0;0.0;0.0;0.0;0.0;-1;-1;0.0;282.77777777777777;36;0.0;0;0.0;0.0;0.0;0.0;4;1.8;Front-Wheel Drive;57011;;;1550;0;Diesel;Diesel;;;42;0.0;0;0.0;0.0;0.0;0.0;20;85;396;0;13;Y;false;0;87;0;0.0;0.0;0.0;0.0;Manual 5-spd;42.0;0.0;60.0;0.0;Compact Cars;1985;1750;;;;;Diesel;;;;;;0.0;;2013-01-01;2013-01-01;;0;0;0;Corolla
Toyota;Corolla APEX;9.597096774193549;0.0;0.0;0.0;28;28.0;0;0.0;0.0;0.0;0.0;286;-1;0.0;286.0;31;31.4081;0;0.0;0.0;0.0;0.0;4;2.0;Front-Wheel Drive;13;SIDI & PFI;7;1750;0;Regular;Regular Gasoline;7;;36;35.7879;0;0.0;0.0;0.0;0.0;0;0;44078;0;13;N;false;0;89;0;0.0;0.0;0.0;0.0;Manual 6-spd;37.5;0.0;52.3;0.0;Compact Cars;2022;750;;;;;;;;;TYX;;0.0;;2021-06-24;2021-10-26;N;0;0;0;Corolla
Toyota;Corolla Hybrid;6.330000000000001;0.0;0.0;0.0;50;50.3846;0;0.0;0.0;0.0;0.0;186;-1;0.0;186.0;47;47.0;0;0.0;0.0;0.0;0.0;4;1.8;Front-Wheel Drive;35;"Hybrid; with Sport mode";8;1150;0;Regular;Regular Gasoline;8;;43;43.0;0;0.0;0.0;0.0;0.0;0;0;45929;0;13;N;false;0;89;0;0.0;0.0;0.0;0.0;Automatic (variable gear ratios);70.8;0.0;64.2;0.0;Compact Cars;2023;3750;;;;;Hybrid;;;207V Li-Ion;TYX;;0.0;;2022-10-03;2023-05-17;Y;0;0;0;Corolla
Toyota;Corolla;11.442692307692308;0.0;0.0;0.0;23;0.0;0;0.0;0.0;0.0;0.0;-1;-1;0.0;341.8076923076923;26;0.0;0;0.0;0.0;0.0;0.0;4;1.6;Front-Wheel Drive;57005;FFS;;2050;0;Regular;Regular Gasoline;;;31;0.0;0;0.0;0.0;0.0;0.0;0;0;10004;0;13;Y;false;0;89;0;0.0;0.0;0.0;0.0;Manual 5-spd;30.0;0.0;43.0;0.0;Compact Cars;1993;-750;;;;;;;;;;;0.0;;2013-01-01;2013-01-01;;0;0;0;Corolla
Toyota;Corolla;9.597096774193549;0.0;0.0;0.0;28;0.0;0;0.0;0.0;0.0;0.0;-1;-1;0.0;286.6774193548387;31;0.0;0;0.0;0.0;0.0;0.0;4;1.8;Front-Wheel Drive;0;;;1750;0;Regular;Regular Gasoline;;;37;0.0;0;0.0;0.0;0.0;0.0;0;0;16702;0;12;Y;false;0;88;0;0.0;0.0;0.0;0.0;Manual 5-spd;35.9067;0.0;51.9897;0.0;Compact Cars;2001;750;;;;;;;;;;;0.0;;2013-01-01;2013-01-01;;0;0;0;Corolla
Toyota;GR Corolla;12.39625;0.0;0.0;0.0;21;21.1786;0;0.0;0.0;0.0;0.0;368;-1;0.0;368.0;24;23.889;0;0.0;0.0;0.0;0.0;3;1.6;All-Wheel Drive;46;SIDI & PFI;5;2800;0;Premium;Premium Gasoline;5;;28;28.3185;0;0.0;0.0;0.0;0.0;27;67;47234;0;0;Y;false;0;0;0;0.0;0.0;0.0;0.0;Manual 6-spd;26.9;0.0;40.3;0.0;Subcompact Cars;2024;-4500;;;T;;;;;;TYX;;0.0;;2023-10-05;2024-01-18;N;0;0;0;Corolla
Toyota;Corolla;11.900400000000001;0.0;0.0;0.0;22;0.0;0;0.0;0.0;0.0;0.0;-1;-1;0.0;355.48;25;0.0;0;0.0;0.0;0.0;0.0;4;1.6;Front-Wheel Drive;57007;4A-FE    FFS;;2150;0;Regular;Regular Gasoline;;;30;0.0;0;0.0;0.0;0.0;0.0;0;0;6620;12;11;N;false;76;84;0;0.0;0.0;0.0;0.0;Automatic 4-spd;28.0;0.0;42.0;0.0;Subcompact Cars;1990;-1250;;;;;;;;;;;0.0;;2013-01-01;2013-01-01;;0;0;0;Corolla
Toyota;Corolla;12.39625;0.0;0.0;0.0;23;0.0;0;0.0;0.0;0.0;0.0;-1;-1;0.0;370.2916666666667;24;0.0;0;0.0;0.0;0.0;0.0;4;1.6;Front-Wheel Drive;57004;FFS;;2250;0;Regular;Regular Gasoline;;;26;0.0;0;0.0;0.0;0.0;0.0;0;0;8814;0;13;N;false;0;84;0;0.0;0.0;0.0;0.0;Automatic 3-spd;29.0;0.0;37.0;0.0;Subcompact Cars;1992;-1750;;;;;;;;;;;0.0;;2013-01-01;2013-01-01;;0;0;0;Corolla
Toyota;Corolla;11.442692307692308;0.0;0.0;0.0;24;0.0;0;0.0;0.0;0.0;0.0;-1;-1;0.0;341.8076923076923;26;0.0;0;0.0;0.0;0.0;0.0;4;1.6;Front-Wheel Drive;57020;FFS;;2050;0;Regular;Regular Gasoline;;;30;0.0;0;0.0;0.0;0.0;0.0;20;85;2071;0;13;Y;false;0;87;0;0.0;0.0;0.0;0.0;Automatic 3-spd;31.0;0.0;42.0;0.0;Compact Cars;1986;-750;;;;;;;;;;;0.0;;2013-01-01;2013-01-01;;0;0;0;Corolla
Toyota;Corolla LE Eco;8.750294117647059;0.0;0.0;0.0;30;30.0;0;0.0;0.0;0.0;0.0;263;-1;0.0;263.0;34;34.0354;0;0.0;0.0;0.0;0.0;4;1.8;Front-Wheel Drive;55;;8;1600;0;Regular;Regular Gasoline;8;;40;39.5547;0;0.0;0.0;0.0;0.0;0;0;40244;0;13;Y;false;0;98;0;0.0;0.0;0.0;0.0;Automatic (variable gear ratios);40.5;0.0;58.6;0.0;Midsize Cars;2019;1500;;;;;;;;;TYX;;0.0;;2018-06-13;2018-08-10;N;0;0;0;Corolla
Toyota;Corolla XSE;8.750294117647059;0.0;0.0;0.0;31;30.5479;0;0.0;0.0;0.0;0.0;265;-1;0.0;265.0;34;33.6743;0;0.0;0.0;0.0;0.0;4;2.0;Front-Wheel Drive;11;SIDI & PFI;7;1600;0;Regular;Regular Gasoline;7;;38;38.4889;0;0.0;0.0;0.0;0.0;0;0;42589;0;13;N;false;0;89;0;0.0;0.0;0.0;0.0;Automatic (AV-S10);40.5;0.0;56.8;0.0;Compact Cars;2021;1500;;;;;;;;;TYX;;0.0;;2020-04-24;2020-08-24;N;0;0;0;Corolla
Toyota;Corolla Hybrid;5.721346153846154;0.0;0.0;0.0;53;53.0;0;0.0;0.0;0.0;0.0;170;-1;0.0;170.0;52;52.0;0;0.0;0.0;0.0;0.0;4;1.8;Front-Wheel Drive;4;Hybrid;9;1050;0;Regular;Regular Gasoline;9;;52;52.0;0;0.0;0.0;0.0;0.0;0;0;44073;0;13;Y;false;0;89;0;0.0;0.0;0.0;0.0;Automatic (variable gear ratios);78.1;0.0;76.2;0.0;Compact Cars;2022;4250;;;;;Hybrid;;;207V Li-Ion;TYX;;0.0;;2021-06-24;2021-10-26;Y;0;0;0;Corolla
Toyota;Corolla;11.442692307692308;0.0;0.0;0.0;23;0.0;0;0.0;0.0;0.0;0.0;-1;-1;0.0;341.8076923076923;26;0.0;0;0.0;0.0;0.0;0.0;4;1.6;Front-Wheel Drive;57003;FFS;;2050;0;Regular;Regular Gasoline;;;31;0.0;0;0.0;0.0;0.0;0.0;0;0;10975;0;13;Y;false;0;89;0;0.0;0.0;0.0;0.0;Manual 5-spd;30.0;0.0;43.0;0.0;Compact Cars;1994;-750;;;;;;;;;;;0.0;;2013-01-01;2013-01-01;;0;0;0;Corolla
Toyota;Corolla;11.900400000000001;0.0;0.0;0.0;22;0.0;0;0.0;0.0;0.0;0.0;-1;-1;0.0;355.48;25;0.0;0;0.0;0.0;0.0;0.0;4;1.8;Front-Wheel Drive;0;SPORTS;;2700;0;Premium;Premium Gasoline;;;31;0.0;0;0.0;0.0;0.0;0.0;0;0;20798;0;14;Y;false;0;89;0;0.0;0.0;0.0;0.0;Manual 6-spd;28.5;0.0;43.1;0.0;Compact Cars;2005;-4000;;;;;;;;;;;0.0;;2013-01-01;2013-01-01;;0;0;0;Corolla
Toyota;Corolla Sport;12.39625;0.0;0.0;0.0;23;0.0;0;0.0;0.0;0.0;0.0;-1;-1;0.0;370.2916666666667;24;0.0;0;0.0;0.0;0.0;0.0;4;1.6;Rear-Wheel Drive;57030;FFS;;2250;0;Regular;Regular Gasoline;;;26;0.0;0;0.0;0.0;0.0;0.0;12;78;236;10;0;Y;false;79;0;0;0.0;0.0;0.0;0.0;Manual 5-spd;28.8889;0.0;37.0;0.0;Subcompact Cars;1985;-1750;;;;;;;;;;;0.0;;2013-01-01;2013-01-01;;0;0;0;Corolla
Toyota;Corolla;11.900400000000001;0.0;0.0;0.0;22;0.0;0;0.0;0.0;0.0;0.0;-1;-1;0.0;355.48;25;0.0;0;0.0;0.0;0.0;0.0;4;2.4;Front-Wheel Drive;0;;;2150;0;Regular;Regular Gasoline;;;30;0.0;0;0.0;0.0;0.0;0.0;0;0;25252;0;12;Y;false;0;92;0;0.0;0.0;0.0;0.0;Manual 5-spd;27.3;0.0;42.2;0.0;Compact Cars;2009;-1250;;;;;;;;;;;0.0;;2013-01-01;2013-01-01;;0;0;0;Corolla
Toyota;Corolla;11.900400000000001;0.0;0.0;0.0;22;0.0;0;0.0;0.0;0.0;0.0;-1;-1;0.0;355.48;25;0.0;0;0.0;0.0;0.0;0.0;4;2.4;Front-Wheel Drive;7;;;2150;0;Regular;Regular Gasoline;;;30;0.0;0;0.0;0.0;0.0;0.0;0;0;26379;0;12;Y;false;0;92;0;0.0;0.0;0.0;0.0;Automatic (S5);27.6;0.0;42.6;0.0;Compact Cars;2010;-1250;;;;;;;;;;;0.0;;2013-01-01;2013-01-01;;0;0;0;Corolla
Toyota;Corolla Sport;11.442692307692308;0.0;0.0;0.0;23;0.0;0;0.0;0.0;0.0;0.0;-1;-1;0.0;341.8076923076923;26;0.0;0;0.0;0.0;0.0;0.0;4;1.6;;57036;FFS CA model;;2050;0;Regular;Regular Gasoline;;;30;0.0;0;0.0;0.0;0.0;0.0;12;78;27865;10;0;N;false;79;0;0;0.0;0.0;0.0;0.0;Automatic 4-spd;30.0;0.0;42.0;0.0;Subcompact Cars;1984;-750;;;;;;;;;;;0.0;;2013-01-01;2013-01-01;;0;0;0;Corolla
Toyota;Corolla Hybrid AWD;6.198125;0.0;0.0;0.0;51;51.0;0;0.0;0.0;0.0;0.0;183;-1;0.0;183.0;48;48.0;0;0.0;0.0;0.0;0.0;4;1.8;All-Wheel Drive;88;Hybrid;8;1100;0;Regular;Regular Gasoline;8;;44;44.0;0;0.0;0.0;0.0;0.0;0;0;47341;0;13;N;false;0;89;0;0.0;0.0;0.0;0.0;Automatic (variable gear ratios);72.7;0.0;67.2;0.0;Compact Cars;2024;4000;;;;;Hybrid;;;207V Li-Ion;TYX;;0.0;;2023-11-06;2024-01-18;Y;0;0;0;Corolla
Toyota;Corolla;12.935217391304349;0.0;0.0;0.0;21;0.0;0;0.0;0.0;0.0;0.0;-1;-1;0.0;386.39130434782606;23;0.0;0;0.0;0.0;0.0;0.0;4;1.6;4-Wheel or All-Wheel Drive;57007;4A-FE    FFS;;2350;0;Regular;Regular Gasoline;;;26;0.0;0;0.0;0.0;0.0;0.0;0;0;6619;12;11;N;false;76;84;0;0.0;0.0;0.0;0.0;Automatic 4-spd;26.6667;0.0;37.0;0.0;Subcompact Cars;1990;-2250;;;;;;;;;;;0.0;;2013-01-01;2013-01-01;;0;0;0;Corolla
Toyota;Corolla Hatchback;8.500285714285715;0.0;0.0;0.0;32;31.8325;0;0.0;0.0;0.0;0.0;251;-1;0.0;251.0;35;35.4257;0;0.0;0.0;0.0;0.0;4;2.0;Front-Wheel Drive;31;SIDI & PFI;7;1550;0;Regular;Regular Gasoline;7;;41;41.0954;0;0.0;0.0;0.0;0.0;18;85;42746;0;0;N;false;0;0;0;0.0;0.0;0.0;0.0;Automatic (AM-S10);42.4581;0.0;61.227;0.0;Compact Cars;2021;1750;;;;;;;;;TYX;;0.0;;2020-06-24;2020-08-24;N;0;0;0;Corolla
Toyota;Corolla;9.015454545454546;0.0;0.0;0.0;29;29.086;0;0.0;0.0;0.0;0.0;271;-1;0.0;271.0;33;32.7744;0;0.0;0.0;0.0;0.0;4;1.8;Front-Wheel Drive;2;;7;1650;0;Regular;Regular Gasoline;7;;39;38.7858;0;0.0;0.0;0.0;0.0;0;0;44071;0;13;N;false;0;89;0;0.0;0.0;0.0;0.0;Manual 6-spd;38.3;0.0;57.3;0.0;Compact Cars;2022;1250;;;;;;;;;TYX;;0.0;;2021-06-24;2021-10-26;N;0;0;0;Corolla
Toyota;Corolla Hybrid AWD;6.198125;0.0;0.0;0.0;51;51.0;0;0.0;0.0;0.0;0.0;183;-1;0.0;183.0;48;48.0;0;0.0;0.0;0.0;0.0;4;1.8;All-Wheel Drive;36;Hybrid;8;1100;0;Regular;Regular Gasoline;8;;44;44.0;0;0.0;0.0;0.0;0.0;0;0;46132;0;13;N;false;0;89;0;0.0;0.0;0.0;0.0;Automatic (variable gear ratios);72.7;0.0;67.2;0.0;Compact Cars;2023;4000;;;;;Hybrid;;;207V Li-Ion;TYX;;0.0;;2022-11-07;2023-05-17;Y;0;0;0;Corolla
Toyota;Corolla;9.917;0.0;0.0;0.0;27;27.1281;0;0.0;0.0;0.0;0.0;291;-1;0.0;291.0;30;30.3237;0;0.0;0.0;0.0;0.0;4;1.8;Front-Wheel Drive;62;;8;1800;0;Regular;Regular Gasoline;8;;35;35.4237;0;0.0;0.0;0.0;0.0;0;0;34398;0;13;Y;false;0;98;0;0.0;0.0;0.0;0.0;Automatic 4-spd;35.4;0.0;51.7;0.0;Midsize Cars;2014;500;;;;;;;;;TYX;;0.0;;2013-01-01;2016-09-26;N;0;0;0;Corolla
Toyota;Corolla;9.597096774193549;0.0;0.0;0.0;28;28.4884;0;0.0;0.0;0.0;0.0;282;-1;0.0;282.0;31;31.3858;0;0.0;0.0;0.0;0.0;4;1.8;Front-Wheel Drive;43;;8;1750;0;Regular;Regular Gasoline;8;;36;35.8411;0;0.0;0.0;0.0;0.0;0;0;36800;0;13;N;false;0;98;0;0.0;0.0;0.0;0.0;Automatic (AV-S7);37.4093;0.0;52.3878;0.0;Midsize Cars;2016;750;;;;;;;;;TYX;;0.0;;2015-08-12;2017-04-05;N;0;0;0;Corolla
Toyota;Corolla;11.442692307692308;0.0;0.0;0.0;23;0.0;0;0.0;0.0;0.0;0.0;-1;-1;0.0;341.8076923076923;26;0.0;0;0.0;0.0;0.0;0.0;4;1.8;Front-Wheel Drive;57005;FFS;;2050;0;Regular;Regular Gasoline;;;31;0.0;0;0.0;0.0;0.0;0.0;0;0;11925;0;13;Y;false;0;89;0;0.0;0.0;0.0;0.0;Automatic 4-spd;30.0;0.0;43.0;0.0;Compact Cars;1995;-750;;;;;;;;;;;0.0;;2013-01-01;2013-01-01;;0;0;0;Corolla
Toyota;Corolla;11.018888888888888;0.0;0.0;0.0;25;0.0;0;0.0;0.0;0.0;0.0;-1;-1;0.0;329.14814814814815;27;0.0;0;0.0;0.0;0.0;0.0;4;1.8;Front-Wheel Drive;57003;FFS;;2000;0;Regular;Regular Gasoline;;;31;0.0;0;0.0;0.0;0.0;0.0;0;0;12790;0;13;Y;false;0;89;0;0.0;0.0;0.0;0.0;Manual 5-spd;32.0;0.0;44.0;0.0;Compact Cars;1996;-500;;;;;;;;;;;0.0;;2013-01-01;2013-01-01;;0;0;0;Corolla
Toyota;Corolla Sport;11.442692307692308;0.0;0.0;0.0;23;0.0;0;0.0;0.0;0.0;0.0;-1;-1;0.0;341.8076923076923;26;0.0;0;0.0;0.0;0.0;0.0;4;1.6;Rear-Wheel Drive;57020;FFS;;2050;0;Regular;Regular Gasoline;;;31;0.0;0;0.0;0.0;0.0;0.0;12;78;234;10;0;N;false;79;0;0;0.0;0.0;0.0;0.0;Automatic 4-spd;30.0;0.0;43.0;0.0;Subcompact Cars;1985;-750;;;;;;;;;;;0.0;;2013-01-01;2013-01-01;;0;0;0;Corolla
Toyota;Corolla;11.018888888888888;0.0;0.0;0.0;25;0.0;0;0.0;0.0;0.0;0.0;-1;-1;0.0;329.14814814814815;27;0.0;0;0.0;0.0;0.0;0.0;4;1.6;;57030;FFS;;2000;0;Regular;Regular Gasoline;;;31;0.0;0;0.0;0.0;0.0;0.0;20;85;26911;0;13;N;false;0;87;0;0.0;0.0;0.0;0.0;Automatic 3-spd;32.0;0.0;43.0;0.0;Compact Cars;1984;-500;;;;;;;;;;;0.0;;2013-01-01;2013-01-01;;0;0;0;Corolla
Toyota;Corolla;11.900400000000001;0.0;0.0;0.0;22;0.0;0;0.0;0.0;0.0;0.0;-1;-1;0.0;355.48;25;0.0;0;0.0;0.0;0.0;0.0;4;1.6;Front-Wheel Drive;57008;4A-GE    FFS;;2700;0;Premium;Premium Gasoline;;;29;0.0;0;0.0;0.0;0.0;0.0;0;0;6623;12;11;N;false;76;84;0;0.0;0.0;0.0;0.0;Manual 5-spd;28.0;0.0;40.0;0.0;Subcompact Cars;1990;-4000;;;;;;;;;;;0.0;;2013-01-01;2013-01-01;;0;0;0;Corolla
Toyota;Corolla;10.25896551724138;0.0;0.0;0.0;26;25.8259;0;0.0;0.0;0.0;0.0;-1;-1;0.0;306.44827586206895;29;28.8031;0;0.0;0.0;0.0;0.0;4;1.8;Front-Wheel Drive;74;;;1850;0;Regular;Regular Gasoline;;;34;33.5269;0;0.0;0.0;0.0;0.0;0;0;30846;0;12;Y;false;0;92;0;0.0;0.0;0.0;0.0;Automatic 4-spd;33.5;0.0;48.6;0.0;Compact Cars;2011;250;;;;;;;;;;;0.0;;2013-01-01;2016-09-26;;0;0;0;Corolla
Toyota;Corolla LE Eco;8.750294117647059;0.0;0.0;0.0;30;30.1147;0;0.0;0.0;0.0;0.0;263;-1;0.0;263.0;34;33.9095;0;0.0;0.0;0.0;0.0;4;1.8;Front-Wheel Drive;46;;8;1600;0;Regular;Regular Gasoline;8;;40;40.0829;0;0.0;0.0;0.0;0.0;0;0;36803;0;13;N;false;0;98;0;0.0;0.0;0.0;0.0;Automatic (variable gear ratios);39.8449;0.0;59.4973;0.0;Midsize Cars;2016;1500;;;;;;;;;TYX;;0.0;;2015-08-12;2016-09-26;N;0;0;0;Corolla
Toyota;Corolla;10.25896551724138;0.0;0.0;0.0;26;0.0;0;0.0;0.0;0.0;0.0;-1;-1;0.0;306.44827586206895;29;0.0;0;0.0;0.0;0.0;0.0;4;1.6;Front-Wheel Drive;57020;FFS;;1850;0;Regular;Regular Gasoline;;;34;0.0;0;0.0;0.0;0.0;0.0;20;85;2073;0;13;N;false;0;87;0;0.0;0.0;0.0;0.0;Manual 5-spd;34.0;0.0;48.0;0.0;Compact Cars;1986;250;;;;;;;;;;;0.0;;2013-01-01;2013-01-01;;0;0;0;Corolla
Toyota;Corolla Wagon;11.900400000000001;0.0;0.0;0.0;23;0.0;0;0.0;0.0;0.0;0.0;-1;-1;0.0;355.48;25;0.0;0;0.0;0.0;0.0;0.0;4;1.8;Front-Wheel Drive;57004;FFS;;2150;0;Regular;Regular Gasoline;;;29;0.0;0;0.0;0.0;0.0;0.0;0;0;11125;0;31;N;false;0;91;0;0.0;0.0;0.0;0.0;Automatic 4-spd;28.8889;0.0;41.0256;0.0;Small Station Wagons;1994;-1250;;;;;;;;;;;0.0;;2013-01-01;2013-01-01;;0;0;0;Corolla
Toyota;Corolla Sport;11.442692307692308;0.0;0.0;0.0;23;0.0;0;0.0;0.0;0.0;0.0;-1;-1;0.0;341.8076923076923;26;0.0;0;0.0;0.0;0.0;0.0;4;1.6;Rear-Wheel Drive;57025;FFS CA model;;2050;0;Regular;Regular Gasoline;;;30;0.0;0;0.0;0.0;0.0;0.0;12;78;1265;10;0;N;false;79;0;0;0.0;0.0;0.0;0.0;Automatic 4-spd;30.0;0.0;42.0;0.0;Subcompact Cars;1985;-750;;;;;;;;;;;0.0;;2013-01-01;2013-01-01;;0;0;0;Corolla
Toyota;Corolla;10.25896551724138;0.0;0.0;0.0;26;0.0;0;0.0;0.0;0.0;0.0;-1;-1;0.0;306.44827586206895;29;0.0;0;0.0;0.0;0.0;0.0;4;1.6;Front-Wheel Drive;57002;FFS;;1850;0;Regular;Regular Gasoline;;;32;0.0;0;0.0;0.0;0.0;0.0;0;0;12788;0;13;Y;false;0;89;0;0.0;0.0;0.0;0.0;Manual 5-spd;34.0;0.0;44.8718;0.0;Compact Cars;1996;250;;;;;;;;;;;0.0;;2013-01-01;2013-01-01;;0;0;0;Corolla
Toyota;Corolla;11.018888888888888;0.0;0.0;0.0;24;0.0;0;0.0;0.0;0.0;0.0;-1;-1;0.0;329.14814814814815;27;0.0;0;0.0;0.0;0.0;0.0;4;1.6;Front-Wheel Drive;57020;FFS;;2000;0;Regular;Regular Gasoline;;;31;0.0;0;0.0;0.0;0.0;0.0;20;85;393;0;13;N;false;0;87;0;0.0;0.0;0.0;0.0;Automatic 4-spd;31.0;0.0;43.0;0.0;Compact Cars;1985;-500;;;;;;;;;;;0.0;;2013-01-01;2013-01-01;;0;0;0;Corolla
Toyota;Corolla;9.2971875;0.0;0.0;0.0;28;28.4148;0;0.0;0.0;0.0;0.0;281;-1;0.0;281.0;32;31.5246;0;0.0;0.0;0.0;0.0;4;1.8;Front-Wheel Drive;28;;7;1700;0;Regular;Regular Gasoline;7;;36;36.3927;0;0.0;0.0;0.0;0.0;0;0;39341;0;13;Y;false;0;98;0;0.0;0.0;0.0;0.0;Automatic (variable gear ratios);37.3;0.0;53.3;0.0;Midsize Cars;2018;1000;;;;;;;;;TYX;;0.0;;2017-08-28;2017-12-20;N;0;0;0;Corolla
Toyota;Corolla;9.597096774193549;0.0;0.0;0.0;28;28.0777;0;0.0;0.0;0.0;0.0;286;-1;0.0;286.0;31;30.9046;0;0.0;0.0;0.0;0.0;4;1.8;Front-Wheel Drive;29;;7;1750;0;Regular;Regular Gasoline;7;;35;35.2413;0;0.0;0.0;0.0;0.0;0;0;39342;0;13;N;false;0;98;0;0.0;0.0;0.0;0.0;Automatic (AV-S7);36.8;0.0;51.4;0.0;Midsize Cars;2018;750;;;;;;;;;TYX;;0.0;;2017-08-28;2017-12-20;N;0;0;0;Corolla
Toyota;Corolla Hatchback;9.597096774193549;0.0;0.0;0.0;28;28.0101;0;0.0;0.0;0.0;0.0;280;-1;0.0;280.0;31;31.4664;0;0.0;0.0;0.0;0.0;4;2.0;Front-Wheel Drive;70;SIDI & PFI;7;1750;0;Regular;Regular Gasoline;7;;37;37.0549;0;0.0;0.0;0.0;0.0;18;85;42092;0;0;N;false;0;0;0;0.0;0.0;0.0;0.0;Manual 6-spd;36.7;0.0;54.4;0.0;Compact Cars;2020;750;;;;;;;;;TYX;;0.0;;2019-09-25;2019-11-08;N;0;0;0;Corolla
Toyota;GR Corolla;12.39625;0.0;0.0;0.0;21;21.1723;0;0.0;0.0;0.0;0.0;368;-1;0.0;368.0;24;23.8836;0;0.0;0.0;0.0;0.0;3;1.6;All-Wheel Drive;46;SIDI & PFI;5;2800;0;Premium;Premium Gasoline;5;;28;28.3153;0;0.0;0.0;0.0;0.0;27;67;46218;0;0;Y;false;0;0;0;0.0;0.0;0.0;0.0;Manual 6-spd;26.8912;0.0;40.295;0.0;Subcompact Cars;2023;-4500;;;T;;;;;;TYX;;0.0;;2022-11-30;2023-01-11;N;0;0;0;Corolla
Toyota;Corolla Cross;9.2971875;0.0;0.0;0.0;31;31.0746;0;0.0;0.0;0.0;0.0;276;-1;0.0;276.0;32;31.7443;0;0.0;0.0;0.0;0.0;4;2.0;Front-Wheel Drive;47;SIDI & PFI;6;1700;0;Regular;Regular Gasoline;6;;33;32.6031;0;0.0;0.0;0.0;0.0;0;0;47635;0;0;N;false;0;0;0;0.0;0.0;0.0;0.0;Automatic (AV-S10);41.3;0.0;53.6;0.0;Small Sport Utility Vehicle 2WD;2024;1000;;;;;;;;;TYX;;0.0;;2024-02-21;2024-04-16;Y;0;0;0;Corolla Cross
Toyota;Corolla;10.625357142857142;0.0;0.0;0.0;26;0.0;0;0.0;0.0;0.0;0.0;-1;-1;0.0;317.39285714285717;28;0.0;0;0.0;0.0;0.0;0.0;4;1.6;Front-Wheel Drive;57002;FFS;;1900;0;Regular;Regular Gasoline;;;32;0.0;0;0.0;0.0;0.0;0.0;0;0;5484;12;11;N;false;76;84;0;0.0;0.0;0.0;0.0;Manual 5-spd;33.0;0.0;45.0;0.0;Subcompact Cars;1989;0;;;;;;;;;;;0.0;;2013-01-01;2013-01-01;;0;0;0;Corolla
Toyota;Corolla;9.917;0.0;0.0;0.0;27;27.3057;0;0.0;0.0;0.0;0.0;289;-1;0.0;289.0;30;30.3673;0;0.0;0.0;0.0;0.0;4;1.8;Front-Wheel Drive;30;;7;1800;0;Regular;Regular Gasoline;7;;35;35.1898;0;0.0;0.0;0.0;0.0;0;0;39343;0;13;N;false;0;98;0;0.0;0.0;0.0;0.0;Manual 6-spd;35.661;0.0;51.3154;0.0;Midsize Cars;2018;500;;;;;;;;;TYX;;0.0;;2017-08-28;2017-12-20;N;0;0;0;Corolla
Toyota;Corolla;11.52241935483871;0.0;0.0;0.0;29;0.0;0;0.0;0.0;0.0;0.0;-1;-1;0.0;328.38709677419354;31;0.0;0;0.0;0.0;0.0;0.0;4;1.8;Front-Wheel Drive;57011;;;1800;0;Diesel;Diesel;;;33;0.0;0;0.0;0.0;0.0;0.0;20;85;395;0;13;N;false;0;87;0;0.0;0.0;0.0;0.0;Automatic 3-spd;37.7778;0.0;46.0;0.0;Compact Cars;1985;500;;;;;Diesel;;;;;;0.0;;2013-01-01;2013-01-01;;0;0;0;Corolla
Toyota;Corolla All-Trac Wagon;13.52318181818182;0.0;0.0;0.0;20;0.0;0;0.0;0.0;0.0;0.0;-1;-1;0.0;403.95454545454544;22;0.0;0;0.0;0.0;0.0;0.0;4;1.6;4-Wheel or All-Wheel Drive;57022;4A-FE    FFS;;2450;0;Regular;Regular Gasoline;;;26;0.0;0;0.0;0.0;0.0;0.0;0;0;4707;0;26;N;false;0;87;0;0.0;0.0;0.0;0.0;Manual 5-spd;25.0;0.0;35.8974;0.0;Small Station Wagons;1988;-2750;;;;;;;;;;;0.0;;2013-01-01;2013-01-01;;0;0;0;Corolla
Toyota;Corolla Wagon;10.625357142857142;0.0;0.0;0.0;26;0.0;0;0.0;0.0;0.0;0.0;-1;-1;0.0;317.39285714285717;28;0.0;0;0.0;0.0;0.0;0.0;4;1.6;Front-Wheel Drive;57020;4A-F     FFS;;1900;0;Regular;Regular Gasoline;;;32;0.0;0;0.0;0.0;0.0;0.0;0;0;4709;0;31;Y;false;0;88;0;0.0;0.0;0.0;0.0;Manual 5-spd;33.0;0.0;45.0;0.0;Small Station Wagons;1988;0;;;;;;;;;;;0.0;;2013-01-01;2013-01-01;;0;0;0;Corolla
Toyota;Corolla;11.900400000000001;0.0;0.0;0.0;23;0.0;0;0.0;0.0;0.0;0.0;-1;-1;0.0;355.48;25;0.0;0;0.0;0.0;0.0;0.0;4;1.8;Front-Wheel Drive;57006;FFS;;2150;0;Regular;Regular Gasoline;;;30;0.0;0;0.0;0.0;0.0;0.0;0;0;10005;0;13;Y;false;0;89;0;0.0;0.0;0.0;0.0;Automatic 4-spd;29.0;0.0;42.0;0.0;Compact Cars;1993;-1250;;;;;;;;;;;0.0;;2013-01-01;2013-01-01;;0;0;0;Corolla
Toyota;Corolla;9.917;0.0;0.0;0.0;26;0.0;0;0.0;0.0;0.0;0.0;-1;-1;0.0;296.23333333333335;30;0.0;0;0.0;0.0;0.0;0.0;4;1.8;Front-Wheel Drive;0;;;1800;0;Regular;Regular Gasoline;;;36;0.0;0;0.0;0.0;0.0;0.0;0;0;16701;0;12;Y;false;0;88;0;0.0;0.0;0.0;0.0;Automatic 4-spd;33.5;0.0;50.4;0.0;Compact Cars;2001;500;;CLKUP;;;;;;;;;0.0;;2013-01-01;2013-01-01;;0;0;0;Corolla
Toyota;Corolla;9.2971875;0.0;0.0;0.0;29;28.5494;0;0.0;0.0;0.0;0.0;281;-1;0.0;281.0;32;31.7779;0;0.0;0.0;0.0;0.0;4;1.8;Front-Wheel Drive;59;;8;1700;0;Regular;Regular Gasoline;8;;37;36.8746;0;0.0;0.0;0.0;0.0;0;0;34399;0;13;Y;false;0;98;0;0.0;0.0;0.0;0.0;Automatic (variable gear ratios);37.5;0.0;54.1;0.0;Midsize Cars;2014;1000;;;;;;;;;TYX;;0.0;;2013-01-01;2016-09-26;N;0;0;0;Corolla
Toyota;Corolla;9.2971875;0.0;0.0;0.0;29;28.5494;0;0.0;0.0;0.0;0.0;281;-1;0.0;281.0;32;31.7779;0;0.0;0.0;0.0;0.0;4;1.8;Front-Wheel Drive;44;;8;1700;0;Regular;Regular Gasoline;8;;37;36.8746;0;0.0;0.0;0.0;0.0;0;0;36801;0;13;Y;false;0;98;0;0.0;0.0;0.0;0.0;Automatic (variable gear ratios);37.5;0.0;54.1;0.0;Midsize Cars;2016;1000;;;;;;;;;TYX;;0.0;;2015-08-12;2016-09-26;N;0;0;0;Corolla
Toyota;Corolla;9.597096774193549;0.0;0.0;0.0;28;27.7339;0;0.0;0.0;0.0;0.0;285;-1;0.0;285.0;31;30.8959;0;0.0;0.0;0.0;0.0;4;1.8;Front-Wheel Drive;61;;8;1750;0;Regular;Regular Gasoline;8;;36;35.8982;0;0.0;0.0;0.0;0.0;0;0;34401;0;13;Y;false;0;98;0;0.0;0.0;0.0;0.0;Manual 6-spd;36.2918;0.0;52.4821;0.0;Midsize Cars;2014;750;;;;;;;;;TYX;;0.0;;2013-01-01;2016-09-26;N;0;0;0;Corolla
Toyota;Corolla;9.917;0.0;0.0;0.0;27;27.3367;0;0.0;0.0;0.0;0.0;289;-1;0.0;289.0;30;30.406;0;0.0;0.0;0.0;0.0;4;1.8;Front-Wheel Drive;54;;7;1800;0;Regular;Regular Gasoline;7;;35;35.2422;0;0.0;0.0;0.0;0.0;0;0;40243;0;13;N;false;0;98;0;0.0;0.0;0.0;0.0;Manual 6-spd;35.7065;0.0;51.4015;0.0;Midsize Cars;2019;500;;;;;;;;;TYX;;0.0;;2018-06-13;2018-08-10;N;0;0;0;Corolla
Toyota;Corolla Sport;11.900400000000001;0.0;0.0;0.0;23;0.0;0;0.0;0.0;0.0;0.0;-1;-1;0.0;355.48;25;0.0;0;0.0;0.0;0.0;0.0;4;1.6;Rear-Wheel Drive;57025;16-VALVE FFS;;2150;0;Regular;Regular Gasoline;;;28;0.0;0;0.0;0.0;0.0;0.0;12;77;1928;9;0;Y;false;78;0;0;0.0;0.0;0.0;0.0;Manual 5-spd;29.0;0.0;39.7436;0.0;Subcompact Cars;1986;-1250;;;;;;;;;;;0.0;;2013-01-01;2013-01-01;;0;0;0;Corolla
Toyota;Corolla;10.25896551724138;0.0;0.0;0.0;26;0.0;0;0.0;0.0;0.0;0.0;-1;-1;0.0;306.44827586206895;29;0.0;0;0.0;0.0;0.0;0.0;4;1.8;Front-Wheel Drive;0;;;1850;0;Regular;Regular Gasoline;;;35;0.0;0;0.0;0.0;0.0;0.0;0;0;23548;0;14;Y;false;0;89;0;0.0;0.0;0.0;0.0;Automatic 4-spd;33.5463;0.0;49.0495;0.0;Compact Cars;2007;250;;CLKUP;;;;;;;;;0.0;;2013-01-01;2013-01-01;;0;0;0;Corolla
Toyota;Corolla;8.750294117647059;0.0;0.0;0.0;31;30.8449;0;0.0;0.0;0.0;0.0;258;-1;0.0;258.0;34;34.2193;0;0.0;0.0;0.0;0.0;4;2.0;Front-Wheel Drive;98;3-mode Sport/Normal/Eco;7;1600;0;Regular;Regular Gasoline;7;;40;39.5009;0;0.0;0.0;0.0;0.0;0;0;47344;0;13;N;false;0;89;0;0.0;0.0;0.0;0.0;Automatic (AV-S10);40.9506;0.0;58.5088;0.0;Compact Cars;2024;1500;;;;;;;;;TYX;;0.0;;2023-11-06;2024-01-18;N;0;0;0;Corolla
Toyota;Corolla Wagon;10.625357142857142;0.0;0.0;0.0;26;0.0;0;0.0;0.0;0.0;0.0;-1;-1;0.0;317.39285714285717;28;0.0;0;0.0;0.0;0.0;0.0;4;1.6;Front-Wheel Drive;57002;FFS;;1900;0;Regular;Regular Gasoline;;;32;0.0;0;0.0;0.0;0.0;0.0;0;0;5860;0;31;N;false;0;88;0;0.0;0.0;0.0;0.0;Manual 5-spd;33.0;0.0;45.0;0.0;Small Station Wagons;1989;0;;;;;;;;;;;0.0;;2013-01-01;2013-01-01;;0;0;0;Corolla
Toyota;Corolla;12.39625;0.0;0.0;0.0;23;0.0;0;0.0;0.0;0.0;0.0;-1;-1;0.0;370.2916666666667;24;0.0;0;0.0;0.0;0.0;0.0;4;1.6;Front-Wheel Drive;57007;4A-FE    FFS;;2250;0;Regular;Regular Gasoline;;;26;0.0;0;0.0;0.0;0.0;0.0;0;0;7724;12;13;Y;false;76;84;0;0.0;0.0;0.0;0.0;Automatic 3-spd;28.8889;0.0;37.0;0.0;Subcompact Cars;1991;-1750;;;;;;;;;;;0.0;;2013-01-01;2013-01-01;;0;0;0;Corolla
Toyota;Corolla;11.900400000000001;0.0;0.0;0.0;23;0.0;0;0.0;0.0;0.0;0.0;-1;-1;0.0;355.48;25;0.0;0;0.0;0.0;0.0;0.0;4;1.6;Front-Wheel Drive;57004;FFS;;2150;0;Regular;Regular Gasoline;;;30;0.0;0;0.0;0.0;0.0;0.0;0;0;8815;0;13;Y;false;0;84;0;0.0;0.0;0.0;0.0;Automatic 4-spd;29.0;0.0;42.0;0.0;Subcompact Cars;1992;-1250;;;;;;;;;;;0.0;;2013-01-01;2013-01-01;;0;0;0;Corolla
Toyota;Corolla;11.900400000000001;0.0;0.0;0.0;23;0.0;0;0.0;0.0;0.0;0.0;-1;-1;0.0;355.48;25;0.0;0;0.0;0.0;0.0;0.0;4;1.6;Front-Wheel Drive;57004;FFS;;2150;0;Regular;Regular Gasoline;;;27;0.0;0;0.0;0.0;0.0;0.0;0;0;11923;0;13;Y;false;0;89;0;0.0;0.0;0.0;0.0;Automatic 3-spd;29.0;0.0;38.0;0.0;Compact Cars;1995;-1250;;;;;;;;;;;0.0;;2013-01-01;2013-01-01;;0;0;0;Corolla
Toyota;Corolla;10.25896551724138;0.0;0.0;0.0;26;0.0;0;0.0;0.0;0.0;0.0;-1;-1;0.0;306.44827586206895;29;0.0;0;0.0;0.0;0.0;0.0;4;1.6;Front-Wheel Drive;57001;FFS;;1850;0;Regular;Regular Gasoline;;;32;0.0;0;0.0;0.0;0.0;0.0;0;0;13413;0;13;N;false;0;86;0;0.0;0.0;0.0;0.0;Manual 5-spd;34.0;0.0;44.8718;0.0;Subcompact Cars;1997;250;;;;;;;;;;;0.0;;2013-01-01;2013-01-01;;0;0;0;Corolla
Toyota;Corolla;11.018888888888888;0.0;0.0;0.0;25;0.0;0;0.0;0.0;0.0;0.0;-1;-1;0.0;329.14814814814815;27;0.0;0;0.0;0.0;0.0;0.0;4;1.8;Front-Wheel Drive;0;;;2000;0;Regular;Regular Gasoline;;;30;0.0;0;0.0;0.0;0.0;0.0;0;0;16700;0;12;Y;false;0;88;0;0.0;0.0;0.0;0.0;Automatic 3-spd;31.8;0.0;42.8;0.0;Compact Cars;2001;-500;;;;;;;;;;;0.0;;2013-01-01;2013-01-01;;0;0;0;Corolla
Toyota;Corolla;10.25896551724138;0.0;0.0;0.0;26;0.0;0;0.0;0.0;0.0;0.0;-1;-1;0.0;306.44827586206895;29;0.0;0;0.0;0.0;0.0;0.0;4;1.8;Front-Wheel Drive;0;;;1850;0;Regular;Regular Gasoline;;;35;0.0;0;0.0;0.0;0.0;0.0;0;0;24320;0;14;Y;false;0;89;0;0.0;0.0;0.0;0.0;Automatic 4-spd;33.5463;0.0;49.0495;0.0;Compact Cars;2008;250;;CLKUP;;;;;;;;;0.0;;2013-01-01;2013-01-01;;0;0;0;Corolla
Toyota;Corolla;11.442692307692308;0.0;0.0;0.0;23;0.0;0;0.0;0.0;0.0;0.0;-1;-1;0.0;341.8076923076923;26;0.0;0;0.0;0.0;0.0;0.0;4;1.6;Front-Wheel Drive;57002;FFS;;2050;0;Regular;Regular Gasoline;;;31;0.0;0;0.0;0.0;0.0;0.0;0;0;5483;12;11;N;false;76;84;0;0.0;0.0;0.0;0.0;Automatic 4-spd;30.0;0.0;43.0;0.0;Subcompact Cars;1989;-750;;;;;;;;;;;0.0;;2013-01-01;2013-01-01;;0;0;0;Corolla
Toyota;Corolla;12.935217391304349;0.0;0.0;0.0;21;0.0;0;0.0;0.0;0.0;0.0;-1;-1;0.0;386.39130434782606;23;0.0;0;0.0;0.0;0.0;0.0;4;1.6;4-Wheel or All-Wheel Drive;57003;4A-FE    FFS;;2350;0;Regular;Regular Gasoline;;;26;0.0;0;0.0;0.0;0.0;0.0;0;0;5485;12;11;Y;false;76;84;0;0.0;0.0;0.0;0.0;Automatic 4-spd;26.0;0.0;37.0;0.0;Subcompact Cars;1989;-2250;;;;;;;;;;;0.0;;2013-01-01;2013-01-01;;0;0;0;Corolla
Toyota;Corolla iM;9.597096774193549;0.0;0.0;0.0;28;28.2127;0;0.0;0.0;0.0;0.0;283;-1;0.0;283.0;31;31.2448;0;0.0;0.0;0.0;0.0;4;1.8;Front-Wheel Drive;110;;7;1750;0;Regular;Regular Gasoline;7;;36;35.9696;0;0.0;0.0;0.0;0.0;21;90;38112;0;0;Y;false;0;0;0;0.0;0.0;0.0;0.0;Automatic (AV-S7);37.0;0.0;52.6;0.0;Midsize Cars;2017;750;;;;;;;;;TYX;;0.0;;2016-09-01;2017-04-05;N;0;0;0;Corolla
Toyota;Corolla;9.2971875;0.0;0.0;0.0;29;28.818;0;0.0;0.0;0.0;0.0;277;-1;0.0;277.0;32;31.8168;0;0.0;0.0;0.0;0.0;4;2.0;Front-Wheel Drive;10;SIDI & PFI;7;1700;0;Regular;Regular Gasoline;7;;36;36.453;0;0.0;0.0;0.0;0.0;0;0;42588;0;13;N;false;0;89;0;0.0;0.0;0.0;0.0;Manual 6-spd;37.9;0.0;53.4;0.0;Compact Cars;2021;1000;;;;;;;;;TYX;;0.0;;2020-04-24;2020-08-24;N;0;0;0;Corolla
Toyota;Corolla Hatchback;9.597096774193549;0.0;0.0;0.0;28;28.4148;0;0.0;0.0;0.0;0.0;284;-1;0.0;284.0;31;31.0;0;0.0;0.0;0.0;0.0;4;2.0;Front-Wheel Drive;23;SIDI & PFI;7;1750;0;Regular;Regular Gasoline;7;;37;36.6339;0;0.0;0.0;0.0;0.0;18;85;42745;0;0;N;false;0;0;0;0.0;0.0;0.0;0.0;Manual 6-spd;37.3;0.0;53.7;0.0;Compact Cars;2021;750;;;;;;;;;TYX;;0.0;;2020-06-24;2020-08-24;N;0;0;0;Corolla
Toyota;Corolla APEX;9.597096774193549;0.0;0.0;0.0;28;28.0;0;0.0;0.0;0.0;0.0;286;-1;0.0;286.0;31;31.4081;0;0.0;0.0;0.0;0.0;4;2.0;Front-Wheel Drive;27;SIDI & PFI;7;1750;0;Regular;Regular Gasoline;7;;36;35.7879;0;0.0;0.0;0.0;0.0;0;0;43299;0;13;N;false;0;89;0;0.0;0.0;0.0;0.0;Manual 6-spd;37.5;0.0;52.3;0.0;Compact Cars;2021;750;;;;;;;;;TYX;;0.0;;2020-10-12;2021-04-26;N;0;0;0;Corolla
Toyota;Corolla Hatchback XSE;9.015454545454546;0.0;0.0;0.0;30;29.8859;0;0.0;0.0;0.0;0.0;266;-1;0.0;266.0;33;33.1681;0;0.0;0.0;0.0;0.0;4;2.0;Front-Wheel Drive;43;SIDI & PFI;7;1650;0;Regular;Regular Gasoline;7;;38;38.3105;0;0.0;0.0;0.0;0.0;18;85;44239;0;0;N;false;0;0;0;0.0;0.0;0.0;0.0;Automatic (AV-S10);39.5;0.0;56.5;0.0;Compact Cars;2022;1250;;;;;;;;;TYX;;0.0;;2021-07-26;2021-10-26;N;0;0;0;Corolla
Toyota;Corolla LE Eco;8.750294117647059;0.0;0.0;0.0;30;30.1147;0;0.0;0.0;0.0;0.0;263;-1;0.0;263.0;34;33.9095;0;0.0;0.0;0.0;0.0;4;1.8;Front-Wheel Drive;37;;8;1600;0;Regular;Regular Gasoline;8;;40;40.0829;0;0.0;0.0;0.0;0.0;0;0;35501;0;13;Y;false;0;98;0;0.0;0.0;0.0;0.0;Automatic (variable gear ratios);39.8449;0.0;59.4973;0.0;Midsize Cars;2015;1500;;;;;;;;;TYX;;0.0;;2014-08-12;2016-09-26;N;0;0;0;Corolla
Toyota;Corolla;9.597096774193549;0.0;0.0;0.0;28;27.8518;0;0.0;0.0;0.0;0.0;284;-1;0.0;284.0;31;31.0399;0;0.0;0.0;0.0;0.0;4;1.8;Front-Wheel Drive;45;;7;1750;0;Regular;Regular Gasoline;7;;36;36.0888;0;0.0;0.0;0.0;0.0;0;0;36802;0;13;Y;false;0;98;0;0.0;0.0;0.0;0.0;Manual 6-spd;36.4658;0.0;52.797;0.0;Midsize Cars;2016;750;;;;;;;;;TYX;;0.0;;2015-08-12;2016-09-26;N;0;0;0;Corolla
Toyota;Corolla Hybrid;5.721346153846154;0.0;0.0;0.0;53;53.0;0;0.0;0.0;0.0;0.0;170;-1;0.0;170.0;52;52.0;0;0.0;0.0;0.0;0.0;4;1.8;Front-Wheel Drive;5;Hybrid;9;1050;0;Regular;Regular Gasoline;9;;52;52.0;0;0.0;0.0;0.0;0.0;0;0;42585;0;13;Y;false;0;89;0;0.0;0.0;0.0;0.0;Automatic (variable gear ratios);78.1;0.0;76.2;0.0;Compact Cars;2021;4250;;;;;Hybrid;;;207V Li-Ion and NiMH;TYX;;0.0;;2020-04-24;2020-07-27;Y;0;0;0;Corolla
Toyota;Corolla Cross;9.2971875;0.0;0.0;0.0;31;31.0089;0;0.0;0.0;0.0;0.0;275;-1;0.0;275.0;32;32.0375;0;0.0;0.0;0.0;0.0;4;2.0;Front-Wheel Drive;111;SIDI & PFI;7;1700;0;Regular;Regular Gasoline;7;;33;33.3912;0;0.0;0.0;0.0;0.0;0;0;44588;0;0;Y;false;0;0;0;0.0;0.0;0.0;0.0;Automatic (AV-S10);41.2;0.0;53.8;0.0;Small Sport Utility Vehicle 2WD;2022;1000;;;;;;;;;TYX;;0.0;;2021-10-04;2022-01-19;Y;0;0;0;Corolla Cross
Toyota;Corolla Hybrid;5.950200000000001;0.0;0.0;0.0;53;53.0;0;0.0;0.0;0.0;0.0;176;-1;0.0;176.0;50;50.0;0;0.0;0.0;0.0;0.0;4;1.8;Front-Wheel Drive;34;Hybrid;8;1050;0;Regular;Regular Gasoline;8;;46;46.0;0;0.0;0.0;0.0;0.0;0;0;46131;0;13;Y;false;0;89;0;0.0;0.0;0.0;0.0;Automatic (variable gear ratios);77.1;0.0;72.2;0.0;Compact Cars;2023;4250;;;;;Hybrid;;;207V Li-Ion;TYX;;0.0;;2022-11-07;2023-05-17;Y;0;0;0;Corolla
Toyota;Corolla;11.900400000000001;0.0;0.0;0.0;23;0.0;0;0.0;0.0;0.0;0.0;-1;-1;0.0;355.48;25;0.0;0;0.0;0.0;0.0;0.0;4;1.8;Front-Wheel Drive;57004;FFS;;2150;0;Regular;Regular Gasoline;;;29;0.0;0;0.0;0.0;0.0;0.0;0;0;10976;0;13;Y;false;0;89;0;0.0;0.0;0.0;0.0;Automatic 4-spd;28.8889;0.0;41.0256;0.0;Compact Cars;1994;-1250;;;;;;;;;;;0.0;;2013-01-01;2013-01-01;;0;0;0;Corolla
Toyota;Corolla;11.442692307692308;0.0;0.0;0.0;24;0.0;0;0.0;0.0;0.0;0.0;-1;-1;0.0;341.8076923076923;26;0.0;0;0.0;0.0;0.0;0.0;4;1.6;Front-Wheel Drive;57025;FFS CA model;;2050;0;Regular;Regular Gasoline;;;29;0.0;0;0.0;0.0;0.0;0.0;20;85;1325;0;13;N;false;0;87;0;0.0;0.0;0.0;0.0;Automatic 3-spd;31.0;0.0;41.0256;0.0;Compact Cars;1985;-750;;;;;;;;;;;0.0;;2013-01-01;2013-01-01;;0;0;0;Corolla
Toyota;Corolla;9.917;0.0;0.0;0.0;27;0.0;0;0.0;0.0;0.0;0.0;-1;-1;0.0;296.23333333333335;30;0.0;0;0.0;0.0;0.0;0.0;4;1.8;Front-Wheel Drive;0;;;1800;0;Regular;Regular Gasoline;;;34;0.0;0;0.0;0.0;0.0;0.0;0;0;15042;0;12;Y;false;0;88;0;0.0;0.0;0.0;0.0;Manual 5-spd;34.3709;0.0;48.4227;0.0;Compact Cars;1999;500;;;;;;;;;;;0.0;;2013-01-01;2013-01-01;;0;0;0;Corolla
Toyota;Corolla All-Trac Wagon;12.935217391304349;0.0;0.0;0.0;21;0.0;0;0.0;0.0;0.0;0.0;-1;-1;0.0;386.39130434782606;23;0.0;0;0.0;0.0;0.0;0.0;4;1.6;4-Wheel or All-Wheel Drive;57022;4A-FE    FFS;;2350;0;Regular;Regular Gasoline;;;26;0.0;0;0.0;0.0;0.0;0.0;0;0;4706;0;26;N;false;0;87;0;0.0;0.0;0.0;0.0;Automatic 4-spd;26.0;0.0;37.0;0.0;Small Station Wagons;1988;-2250;;;;;;;;;;;0.0;;2013-01-01;2013-01-01;;0;0;0;Corolla
Toyota;Corolla;12.39625;0.0;0.0;0.0;23;0.0;0;0.0;0.0;0.0;0.0;-1;-1;0.0;370.2916666666667;24;0.0;0;0.0;0.0;0.0;0.0;4;1.6;Front-Wheel Drive;57007;4A-FE    FFS;;2250;0;Regular;Regular Gasoline;;;26;0.0;0;0.0;0.0;0.0;0.0;0;0;6618;12;11;Y;false;76;84;0;0.0;0.0;0.0;0.0;Automatic 3-spd;29.0;0.0;37.0;0.0;Subcompact Cars;1990;-1750;;;;;;;;;;;0.0;;2013-01-01;2013-01-01;;0;0;0;Corolla
Toyota;Corolla;9.015454545454546;0.0;0.0;0.0;29;29.086;0;0.0;0.0;0.0;0.0;271;-1;0.0;271.0;33;32.7744;0;0.0;0.0;0.0;0.0;4;1.8;Front-Wheel Drive;3;;7;1650;0;Regular;Regular Gasoline;7;;39;38.7858;0;0.0;0.0;0.0;0.0;0;0;42583;0;13;N;false;0;89;0;0.0;0.0;0.0;0.0;Manual 6-spd;38.3;0.0;57.3;0.0;Compact Cars;2021;1250;;;;;;;;;TYX;;0.0;;2020-04-24;2020-08-24;N;0;0;0;Corolla
Toyota;Corolla Cross;9.2971875;0.0;0.0;0.0;31;31.0089;0;0.0;0.0;0.0;0.0;275;-1;0.0;275.0;32;32.0375;0;0.0;0.0;0.0;0.0;4;2.0;Front-Wheel Drive;79;SIDI & PFI;6;1700;0;Regular;Regular Gasoline;6;;33;33.3912;0;0.0;0.0;0.0;0.0;0;0;46293;0;0;N;false;0;0;0;0.0;0.0;0.0;0.0;Automatic (AV-S10);41.2;0.0;53.8;0.0;Small Sport Utility Vehicle 2WD;2023;1000;;;;;;;;;TYX;;0.0;;2022-12-12;2023-05-17;Y;0;0;0;Corolla Cross
Toyota;Corolla All-Trac Wagon;12.935217391304349;0.0;0.0;0.0;21;0.0;0;0.0;0.0;0.0;0.0;-1;-1;0.0;386.39130434782606;23;0.0;0;0.0;0.0;0.0;0.0;4;1.6;4-Wheel or All-Wheel Drive;57004;FFS;;2350;0;Regular;Regular Gasoline;;;26;0.0;0;0.0;0.0;0.0;0.0;0;0;9135;0;26;N;false;0;87;0;0.0;0.0;0.0;0.0;Automatic 4-spd;26.0;0.0;37.0;0.0;Small Station Wagons;1992;-2250;;;;;;;;;;;0.0;;2013-01-01;2013-01-01;;0;0;0;Corolla
Toyota;Corolla;11.442692307692308;0.0;0.0;0.0;23;0.0;0;0.0;0.0;0.0;0.0;-1;-1;0.0;341.8076923076923;26;0.0;0;0.0;0.0;0.0;0.0;4;1.8;Front-Wheel Drive;57004;FFS;;2050;0;Regular;Regular Gasoline;;;31;0.0;0;0.0;0.0;0.0;0.0;0;0;10977;0;13;Y;false;0;89;0;0.0;0.0;0.0;0.0;Manual 5-spd;30.0;0.0;44.0;0.0;Compact Cars;1994;-750;;;;;;;;;;;0.0;;2013-01-01;2013-01-01;;0;0;0;Corolla
Toyota;Corolla;11.442692307692308;0.0;0.0;0.0;24;0.0;0;0.0;0.0;0.0;0.0;-1;-1;0.0;341.8076923076923;26;0.0;0;0.0;0.0;0.0;0.0;4;1.8;Front-Wheel Drive;0;;;2050;0;Regular;Regular Gasoline;;;29;0.0;0;0.0;0.0;0.0;0.0;0;0;15843;0;12;Y;false;0;88;0;0.0;0.0;0.0;0.0;Automatic 3-spd;30.9;0.0;41.4;0.0;Compact Cars;2000;-750;;CLKUP;;;;;;;;;0.0;;2013-01-01;2013-01-01;;0;0;0;Corolla
Toyota;Corolla;9.917;0.0;0.0;0.0;26;0.0;0;0.0;0.0;0.0;0.0;-1;-1;0.0;296.23333333333335;30;0.0;0;0.0;0.0;0.0;0.0;4;1.8;Front-Wheel Drive;0;;;1800;0;Regular;Regular Gasoline;;;36;0.0;0;0.0;0.0;0.0;0.0;0;0;17630;0;12;Y;false;0;88;0;0.0;0.0;0.0;0.0;Automatic 4-spd;33.5;0.0;50.4;0.0;Compact Cars;2002;500;;CLKUP;;;;;;;;;0.0;;2013-01-01;2013-01-01;;0;0;0;Corolla
Toyota;Corolla;11.018888888888888;0.0;0.0;0.0;24;0.0;0;0.0;0.0;0.0;0.0;-1;-1;0.0;329.14814814814815;27;0.0;0;0.0;0.0;0.0;0.0;4;1.6;Front-Wheel Drive;57020;FFS;;2000;0;Regular;Regular Gasoline;;;32;0.0;0;0.0;0.0;0.0;0.0;20;85;3325;0;13;N;false;0;87;0;0.0;0.0;0.0;0.0;Automatic 4-spd;31.0;0.0;44.8718;0.0;Compact Cars;1987;-500;;;;;;;;;;;0.0;;2013-01-01;2013-01-01;;0;0;0;Corolla
Toyota;Corolla;10.25896551724138;0.0;0.0;0.0;26;0.0;0;0.0;0.0;0.0;0.0;-1;-1;0.0;306.44827586206895;29;0.0;0;0.0;0.0;0.0;0.0;4;1.6;Front-Wheel Drive;57020;FFS;;1850;0;Regular;Regular Gasoline;;;33;0.0;0;0.0;0.0;0.0;0.0;20;85;3326;0;13;N;false;0;87;0;0.0;0.0;0.0;0.0;Manual 5-spd;33.3333;0.0;47.0;0.0;Compact Cars;1987;250;;;;;;;;;;;0.0;;2013-01-01;2013-01-01;;0;0;0;Corolla
Toyota;Corolla LE Eco;9.015454545454546;0.0;0.0;0.0;30;30.1147;0;0.0;0.0;0.0;0.0;266;-1;0.0;266.0;33;33.2763;0;0.0;0.0;0.0;0.0;4;1.8;Front-Wheel Drive;38;2-mode Normal/Eco Transmission;8;1650;0;Regular;Regular Gasoline;8;;38;38.1747;0;0.0;0.0;0.0;0.0;0;0;35502;0;13;Y;false;0;98;0;0.0;0.0;0.0;0.0;Automatic (variable gear ratios);39.8449;0.0;56.272;0.0;Midsize Cars;2015;1250;;;;;;;;;TYX;;0.0;;2014-08-12;2016-09-26;N;0;0;0;Corolla
Toyota;Corolla;9.917;0.0;0.0;0.0;27;27.1281;0;0.0;0.0;0.0;0.0;291;-1;0.0;291.0;30;30.3237;0;0.0;0.0;0.0;0.0;4;1.8;Front-Wheel Drive;42;;7;1800;0;Regular;Regular Gasoline;7;;35;35.4237;0;0.0;0.0;0.0;0.0;0;0;36799;0;13;Y;false;0;98;0;0.0;0.0;0.0;0.0;Automatic 4-spd;35.4;0.0;51.7;0.0;Midsize Cars;2016;500;;;;;;;;;TYX;;0.0;;2015-08-12;2016-09-26;N;0;0;0;Corolla
Toyota;Corolla;9.597096774193549;0.0;0.0;0.0;28;0.0;0;0.0;0.0;0.0;0.0;-1;-1;0.0;286.6774193548387;31;0.0;0;0.0;0.0;0.0;0.0;4;1.8;Front-Wheel Drive;0;;;1750;0;Regular;Regular Gasoline;;;37;0.0;0;0.0;0.0;0.0;0.0;0;0;23549;0;14;Y;false;0;89;0;0.0;0.0;0.0;0.0;Manual 5-spd;35.7499;0.0;52.5496;0.0;Compact Cars;2007;750;;;;;;;;;;;0.0;;2013-01-01;2013-01-01;;0;0;0;Corolla
Toyota;Corolla;9.399868421052632;0.0;0.0;0.0;35;0.0;0;0.0;0.0;0.0;0.0;-1;-1;0.0;267.89473684210526;38;0.0;0;0.0;0.0;0.0;0.0;4;1.8;;57040;DIESEL;;1500;0;Diesel;Diesel;;;41;0.0;0;0.0;0.0;0.0;0.0;20;85;26914;0;13;N;false;0;87;0;0.0;0.0;0.0;0.0;Manual 4-spd;47.0;0.0;59.0;0.0;Compact Cars;1984;2000;;;;;Diesel;;;;;;0.0;;2013-01-01;2013-01-01;;0;0;0;Corolla
Toyota;Corolla;11.442692307692308;0.0;0.0;0.0;24;0.0;0;0.0;0.0;0.0;0.0;-1;-1;0.0;341.8076923076923;26;0.0;0;0.0;0.0;0.0;0.0;4;1.6;;57035;FFS CA model;;2050;0;Regular;Regular Gasoline;;;30;0.0;0;0.0;0.0;0.0;0.0;20;85;27987;0;13;N;false;0;87;0;0.0;0.0;0.0;0.0;Automatic 3-spd;31.0;0.0;42.0;0.0;Compact Cars;1984;-750;;;;;;;;;;;0.0;;2013-01-01;2013-01-01;;0;0;0;Corolla
Toyota;Corolla;9.653918918918919;0.0;0.0;0.0;33;0.0;0;0.0;0.0;0.0;0.0;-1;-1;0.0;275.13513513513516;37;0.0;0;0.0;0.0;0.0;0.0;4;1.8;;57045;DIESEL CA model;;1500;0;Diesel;Diesel;;;43;0.0;0;0.0;0.0;0.0;0.0;20;85;27989;0;13;N;false;0;87;0;0.0;0.0;0.0;0.0;Manual 5-spd;44.0;0.0;61.0;0.0;Compact Cars;1984;2000;;;;;Diesel;;;;;;0.0;;2013-01-01;2013-01-01;;0;0;0;Corolla
Toyota;Corolla;8.500285714285715;0.0;0.0;0.0;32;32.0;0;0.0;0.0;0.0;0.0;254;-1;0.0;254.0;35;35.0;0;0.0;0.0;0.0;0.0;4;2.0;Front-Wheel Drive;97;SIDI & PFI;7;1550;0;Regular;Regular Gasoline;7;;41;41.0;0;0.0;0.0;0.0;0.0;0;0;47343;0;13;N;false;0;89;0;0.0;0.0;0.0;0.0;Automatic (AV-S10);43.5;0.0;62.6994;0.0;Compact Cars;2024;1750;;;;;;;;;TYX;;0.0;;2023-11-06;2024-01-18;N;0;0;0;Corolla
Toyota;Corolla All-Trac Wagon;13.52318181818182;0.0;0.0;0.0;20;0.0;0;0.0;0.0;0.0;0.0;-1;-1;0.0;403.95454545454544;22;0.0;0;0.0;0.0;0.0;0.0;4;1.6;4-Wheel or All-Wheel Drive;57003;4A-FE    FFS;;2450;0;Regular;Regular Gasoline;;;26;0.0;0;0.0;0.0;0.0;0.0;0;0;5858;0;26;N;false;0;87;0;0.0;0.0;0.0;0.0;Manual 5-spd;25.0;0.0;35.8974;0.0;Small Station Wagons;1989;-2750;;;;;;;;;;;0.0;;2013-01-01;2013-01-01;;0;0;0;Corolla
Toyota;Corolla All-Trac Wagon;14.167142857142858;0.0;0.0;0.0;19;0.0;0;0.0;0.0;0.0;0.0;-1;-1;0.0;423.1904761904762;21;0.0;0;0.0;0.0;0.0;0.0;4;1.6;4-Wheel or All-Wheel Drive;57004;FFS;;2550;0;Regular;Regular Gasoline;;;25;0.0;0;0.0;0.0;0.0;0.0;0;0;9136;0;26;Y;false;0;87;0;0.0;0.0;0.0;0.0;Manual 5-spd;24.0;0.0;35.0;0.0;Small Station Wagons;1992;-3250;;;;;;;;;;;0.0;;2013-01-01;2013-01-01;;0;0;0;Corolla
Toyota;Corolla iM;9.917;0.0;0.0;0.0;27;26.7185;0;0.0;0.0;0.0;0.0;297;-1;0.0;297.0;30;29.7398;0;0.0;0.0;0.0;0.0;4;1.8;Front-Wheel Drive;111;;7;1800;0;Regular;Regular Gasoline;7;;35;34.5091;0;0.0;0.0;0.0;0.0;21;90;38113;0;0;N;false;0;0;0;0.0;0.0;0.0;0.0;Manual 6-spd;34.8;0.0;50.2;0.0;Midsize Cars;2017;500;;;;;;;;;TYX;;0.0;;2016-09-01;2016-11-22;N;0;0;0;Corolla
Toyota;Corolla;9.597096774193549;0.0;0.0;0.0;28;28.1732;0;0.0;0.0;0.0;0.0;286;-1;0.0;286.0;31;31.0592;0;0.0;0.0;0.0;0.0;4;1.8;Front-Wheel Drive;87;;7;1750;0;Regular;Regular Gasoline;7;;35;35.0;0;0.0;0.0;0.0;0.0;0;0;38154;0;13;Y;false;0;98;0;0.0;0.0;0.0;0.0;Automatic (AV-S7);36.9415;0.0;51.8327;0.0;Midsize Cars;2017;750;;;;;;;;;TYX;;0.0;;2016-09-13;2017-04-05;N;0;0;0;Corolla
Toyota;Corolla Hatchback;9.597096774193549;0.0;0.0;0.0;28;28.0101;0;0.0;0.0;0.0;0.0;280;-1;0.0;280.0;31;31.4664;0;0.0;0.0;0.0;0.0;4;2.0;Front-Wheel Drive;66;SIDI & PFI;7;1750;0;Regular;Regular Gasoline;7;;37;37.0549;0;0.0;0.0;0.0;0.0;18;85;40333;0;0;N;false;0;0;0;0.0;0.0;0.0;0.0;Manual 6-spd;36.7;0.0;54.4;0.0;Compact Cars;2019;750;;;;;;;;;TYX;;0.0;;2018-06-27;2018-08-10;N;0;0;0;Corolla
Toyota;Corolla XSE;8.750294117647059;0.0;0.0;0.0;31;30.5479;0;0.0;0.0;0.0;0.0;265;-1;0.0;265.0;34;33.6743;0;0.0;0.0;0.0;0.0;4;2.0;Front-Wheel Drive;11;SIDI & PFI;7;1600;0;Regular;Regular Gasoline;7;;38;38.4889;0;0.0;0.0;0.0;0.0;0;0;44076;0;13;N;false;0;89;0;0.0;0.0;0.0;0.0;Automatic (AV-S10);40.5;0.0;56.8;0.0;Compact Cars;2022;1500;;;;;;;;;TYX;;0.0;;2021-06-24;2021-10-26;N;0;0;0;Corolla
Toyota;Corolla;12.39625;0.0;0.0;0.0;21;21.4659;0;0.0;0.0;0.0;0.0;-1;-1;0.0;370.2916666666667;24;24.4727;0;0.0;0.0;0.0;0.0;4;2.4;Front-Wheel Drive;78;;;2250;0;Regular;Regular Gasoline;;;30;29.5278;0;0.0;0.0;0.0;0.0;0;0;30848;0;12;N;false;0;92;0;0.0;0.0;0.0;0.0;Manual 5-spd;27.3;0.0;42.2;0.0;Compact Cars;2011;-1750;;;;;;;;;;;0.0;;2013-01-01;2016-09-26;;0;0;0;Corolla
Toyota;Corolla;9.917;0.0;0.0;0.0;27;27.1281;0;0.0;0.0;0.0;0.0;291;-1;0.0;291.0;30;30.3237;0;0.0;0.0;0.0;0.0;4;1.8;Front-Wheel Drive;35;;8;1800;0;Regular;Regular Gasoline;8;;35;35.4237;0;0.0;0.0;0.0;0.0;0;0;35499;0;13;N;false;0;98;0;0.0;0.0;0.0;0.0;Automatic 4-spd;35.4;0.0;51.7;0.0;Midsize Cars;2015;500;;;;;;;;;TYX;;0.0;;2014-08-12;2016-09-26;N;0;0;0;Corolla
Toyota;Corolla;12.39625;0.0;0.0;0.0;22;0.0;0;0.0;0.0;0.0;0.0;-1;-1;0.0;370.2916666666667;24;0.0;0;0.0;0.0;0.0;0.0;4;1.6;Front-Wheel Drive;57001;FFS;;2250;0;Regular;Regular Gasoline;;;27;0.0;0;0.0;0.0;0.0;0.0;0;0;13412;0;13;Y;false;0;86;0;0.0;0.0;0.0;0.0;Automatic 3-spd;28.0;0.0;37.1795;0.0;Subcompact Cars;1997;-1750;;;;;;;;;;;0.0;;2013-01-01;2013-01-01;;0;0;0;Corolla
Toyota;Corolla;10.625357142857142;0.0;0.0;0.0;25;0.0;0;0.0;0.0;0.0;0.0;-1;-1;0.0;317.39285714285717;28;0.0;0;0.0;0.0;0.0;0.0;4;1.8;Front-Wheel Drive;0;;;1900;0;Regular;Regular Gasoline;;;33;0.0;0;0.0;0.0;0.0;0.0;0;0;15041;0;12;Y;false;0;88;0;0.0;0.0;0.0;0.0;Automatic 4-spd;31.6305;0.0;46.1021;0.0;Compact Cars;1999;0;;CLKUP;;;;;;;;;0.0;;2013-01-01;2013-01-01;;0;0;0;Corolla
Toyota;Corolla;9.597096774193549;0.0;0.0;0.0;28;0.0;0;0.0;0.0;0.0;0.0;-1;-1;0.0;286.6774193548387;31;0.0;0;0.0;0.0;0.0;0.0;4;1.8;Front-Wheel Drive;0;;;1750;0;Regular;Regular Gasoline;;;36;0.0;0;0.0;0.0;0.0;0.0;0;0;18605;0;14;Y;false;0;90;0;0.0;0.0;0.0;0.0;Manual 5-spd;36.0247;0.0;51.4819;0.0;Compact Cars;2003;750;;;;;;;;;;;0.0;;2013-01-01;2013-01-01;;0;0;0;Corolla
Toyota;Corolla;10.25896551724138;0.0;0.0;0.0;26;0.0;0;0.0;0.0;0.0;0.0;-1;-1;0.0;306.44827586206895;29;0.0;0;0.0;0.0;0.0;0.0;4;1.8;Front-Wheel Drive;0;;;1850;0;Regular;Regular Gasoline;;;35;0.0;0;0.0;0.0;0.0;0.0;0;0;21881;0;14;Y;false;0;89;0;0.0;0.0;0.0;0.0;Automatic 4-spd;33.5463;0.0;49.0495;0.0;Compact Cars;2006;250;;CLKUP;;;;;;;;;0.0;;2013-01-01;2013-01-01;;0;0;0;Corolla
Toyota;Corolla All-Trac Wagon;12.935217391304349;0.0;0.0;0.0;21;0.0;0;0.0;0.0;0.0;0.0;-1;-1;0.0;386.39130434782606;23;0.0;0;0.0;0.0;0.0;0.0;4;1.6;4-Wheel or All-Wheel Drive;57007;4A-FE    FFS;;2350;0;Regular;Regular Gasoline;;;26;0.0;0;0.0;0.0;0.0;0.0;0;0;6939;0;26;Y;false;0;87;0;0.0;0.0;0.0;0.0;Automatic 4-spd;26.6667;0.0;37.0;0.0;Small Station Wagons;1990;-2250;;;;;;;;;;;0.0;;2013-01-01;2013-01-01;;0;0;0;Corolla
Toyota;Corolla Wagon;11.018888888888888;0.0;0.0;0.0;24;0.0;0;0.0;0.0;0.0;0.0;-1;-1;0.0;329.14814814814815;27;0.0;0;0.0;0.0;0.0;0.0;4;1.6;Front-Wheel Drive;57004;FFS;;2000;0;Regular;Regular Gasoline;;;30;0.0;0;0.0;0.0;0.0;0.0;0;0;9138;0;31;N;false;0;88;0;0.0;0.0;0.0;0.0;Manual 5-spd;31.1111;0.0;42.0;0.0;Small Station Wagons;1992;-500;;;;;;;;;;;0.0;;2013-01-01;2013-01-01;;0;0;0;Corolla
Toyota;Corolla;10.25896551724138;0.0;0.0;0.0;27;26.8739;0;0.0;0.0;0.0;0.0;301;-1;0.0;301.0;29;29.4678;0;0.0;0.0;0.0;0.0;4;1.8;Front-Wheel Drive;26;;8;1850;0;Regular;Regular Gasoline;8;;33;33.4092;0;0.0;0.0;0.0;0.0;0;0;32951;0;12;Y;false;0;92;0;0.0;0.0;0.0;0.0;Manual 5-spd;35.0274;0.0;48.4091;0.0;Compact Cars;2013;250;;;;;;;;;TYX;;0.0;;2013-01-01;2016-09-26;N;0;0;0;Corolla
Toyota;Corolla;9.597096774193549;0.0;0.0;0.0;28;0.0;0;0.0;0.0;0.0;0.0;-1;-1;0.0;286.6774193548387;31;0.0;0;0.0;0.0;0.0;0.0;4;1.8;Front-Wheel Drive;0;;;1750;0;Regular;Regular Gasoline;;;36;0.0;0;0.0;0.0;0.0;0.0;0;0;19676;0;14;Y;false;0;90;0;0.0;0.0;0.0;0.0;Manual 5-spd;35.9542;0.0;51.4497;0.0;Compact Cars;2004;750;;;;;;;;;;;0.0;;2013-01-01;2013-01-01;;0;0;0;Corolla
Toyota;Corolla;9.917;0.0;0.0;0.0;27;0.0;0;0.0;0.0;0.0;0.0;-1;-1;0.0;296.23333333333335;30;0.0;0;0.0;0.0;0.0;0.0;4;1.8;Front-Wheel Drive;0;;;1800;0;Regular;Regular Gasoline;;;35;0.0;0;0.0;0.0;0.0;0.0;0;0;25254;0;12;Y;false;0;92;0;0.0;0.0;0.0;0.0;Automatic 4-spd;35.0;0.0;49.3;0.0;Compact Cars;2009;500;;CLKUP;;;;;;;;;0.0;;2013-01-01;2013-01-01;;0;0;0;Corolla
Toyota;Corolla;12.39625;0.0;0.0;0.0;23;0.0;0;0.0;0.0;0.0;0.0;-1;-1;0.0;370.2916666666667;24;0.0;0;0.0;0.0;0.0;0.0;4;1.6;Front-Wheel Drive;57005;FFS;;2250;0;Regular;Regular Gasoline;;;26;0.0;0;0.0;0.0;0.0;0.0;0;0;10003;0;13;Y;false;0;89;0;0.0;0.0;0.0;0.0;Automatic 3-spd;29.0;0.0;37.0;0.0;Compact Cars;1993;-1750;;;;;;;;;;;0.0;;2013-01-01;2013-01-01;;0;0;0;Corolla
Toyota;Corolla;9.917;0.0;0.0;0.0;27;0.0;0;0.0;0.0;0.0;0.0;-1;-1;0.0;296.23333333333335;30;0.0;0;0.0;0.0;0.0;0.0;4;1.8;Front-Wheel Drive;0;;;1800;0;Regular;Regular Gasoline;;;34;0.0;0;0.0;0.0;0.0;0.0;0;0;15845;0;12;Y;false;0;88;0;0.0;0.0;0.0;0.0;Manual 5-spd;34.4;0.0;48.6;0.0;Compact Cars;2000;500;;;;;;;;;;;0.0;;2013-01-01;2013-01-01;;0;0;0;Corolla
Toyota;Corolla;9.917;0.0;0.0;0.0;27;27.347;0;0.0;0.0;0.0;0.0;289;-1;0.0;289.0;30;30.4173;0;0.0;0.0;0.0;0.0;4;1.8;Front-Wheel Drive;61;;7;1800;0;Regular;Regular Gasoline;7;;35;35.255;0;0.0;0.0;0.0;0.0;0;0;38152;0;13;N;false;0;98;0;0.0;0.0;0.0;0.0;Manual 6-spd;35.7216;0.0;51.4226;0.0;Midsize Cars;2017;500;;;;;;;;;TYX;;0.0;;2016-09-13;2016-11-22;N;0;0;0;Corolla
Toyota;Corolla;9.015454545454546;0.0;0.0;0.0;30;29.786;0;0.0;0.0;0.0;0.0;267;-1;0.0;267.0;33;33.0496;0;0.0;0.0;0.0;0.0;4;1.8;Front-Wheel Drive;13;;7;1650;0;Regular;Regular Gasoline;7;;38;38.1598;0;0.0;0.0;0.0;0.0;0;0;41217;0;13;N;false;0;89;0;0.0;0.0;0.0;0.0;Automatic (variable gear ratios);39.3497;0.0;56.2469;0.0;Compact Cars;2020;1250;;;;;;;;;TYX;;0.0;;2019-02-06;2019-04-16;N;0;0;0;Corolla
Toyota;Corolla FX;10.25896551724138;0.0;0.0;0.0;26;0.0;0;0.0;0.0;0.0;0.0;-1;-1;0.0;306.44827586206895;29;0.0;0;0.0;0.0;0.0;0.0;4;1.6;Front-Wheel Drive;57019;4A-LC    FFS;;1850;0;Regular;Regular Gasoline;;;33;0.0;0;0.0;0.0;0.0;0.0;14;86;4344;0;0;Y;false;0;0;0;0.0;0.0;0.0;0.0;Manual 5-spd;33.0;0.0;47.0;0.0;Subcompact Cars;1988;250;;;;;;;;;;;0.0;;2013-01-01;2013-01-01;;0;0;0;Corolla
Toyota;Corolla;11.900400000000001;0.0;0.0;0.0;22;21.6809;0;0.0;0.0;0.0;0.0;-1;-1;0.0;355.48;25;24.7047;0;0.0;0.0;0.0;0.0;4;2.4;Front-Wheel Drive;79;;;2150;0;Regular;Regular Gasoline;;;30;29.7811;0;0.0;0.0;0.0;0.0;0;0;30849;0;12;N;false;0;92;0;0.0;0.0;0.0;0.0;Automatic (S5);27.6;0.0;42.6;0.0;Compact Cars;2011;-1250;;;;;;;;;;;0.0;;2013-01-01;2016-09-26;;0;0;0;Corolla
Toyota;Corolla Hatchback XSE;9.015454545454546;0.0;0.0;0.0;30;29.8859;0;0.0;0.0;0.0;0.0;266;-1;0.0;266.0;33;33.1681;0;0.0;0.0;0.0;0.0;4;2.0;Front-Wheel Drive;100;SIDI & PFI;6;1650;0;Regular;Regular Gasoline;6;;38;38.3105;0;0.0;0.0;0.0;0.0;18;85;47346;0;0;N;false;0;0;0;0.0;0.0;0.0;0.0;Automatic (AV-S10);39.5;0.0;56.5;0.0;Compact Cars;2024;1250;;;;;;;;;TYX;;0.0;;2023-11-06;2024-01-18;N;0;0;0;Corolla
Toyota;Corolla;11.900400000000001;0.0;0.0;0.0;22;0.0;0;0.0;0.0;0.0;0.0;-1;-1;0.0;355.48;25;0.0;0;0.0;0.0;0.0;0.0;4;1.6;Front-Wheel Drive;57007;4A-FE    FFS;;2150;0;Regular;Regular Gasoline;;;30;0.0;0;0.0;0.0;0.0;0.0;0;0;7725;12;13;N;false;76;84;0;0.0;0.0;0.0;0.0;Automatic 4-spd;28.0;0.0;42.0;0.0;Subcompact Cars;1991;-1250;;;;;;;;;;;0.0;;2013-01-01;2013-01-01;;0;0;0;Corolla
Toyota;Corolla;9.922083333333335;0.0;0.0;0.0;33;0.0;0;0.0;0.0;0.0;0.0;-1;-1;0.0;282.77777777777777;36;0.0;0;0.0;0.0;0.0;0.0;4;1.8;;57040;DIESEL;;1550;0;Diesel;Diesel;;;41;0.0;0;0.0;0.0;0.0;0.0;20;85;26915;0;13;N;false;0;87;0;0.0;0.0;0.0;0.0;Manual 5-spd;43.0;0.0;59.0;0.0;Compact Cars;1984;1750;;;;;Diesel;;;;;;0.0;;2013-01-01;2013-01-01;;0;0;0;Corolla
Toyota;Corolla Wagon;11.442692307692308;0.0;0.0;0.0;23;0.0;0;0.0;0.0;0.0;0.0;-1;-1;0.0;341.8076923076923;26;0.0;0;0.0;0.0;0.0;0.0;4;1.8;Front-Wheel Drive;57005;FFS;;2050;0;Regular;Regular Gasoline;;;31;0.0;0;0.0;0.0;0.0;0.0;0;0;12096;0;31;N;false;0;91;0;0.0;0.0;0.0;0.0;Automatic 4-spd;30.0;0.0;43.0;0.0;Small Station Wagons;1995;-750;;;;;;;;;;;0.0;;2013-01-01;2013-01-01;;0;0;0;Corolla
Toyota;Corolla;11.442692307692308;0.0;0.0;0.0;23;0.0;0;0.0;0.0;0.0;0.0;-1;-1;0.0;341.8076923076923;26;0.0;0;0.0;0.0;0.0;0.0;4;1.8;Front-Wheel Drive;57003;FFS;;2050;0;Regular;Regular Gasoline;;;31;0.0;0;0.0;0.0;0.0;0.0;0;0;12789;0;13;Y;false;0;89;0;0.0;0.0;0.0;0.0;Automatic 4-spd;30.0;0.0;43.0;0.0;Compact Cars;1996;-750;;;;;;;;;;;0.0;;2013-01-01;2013-01-01;;0;0;0;Corolla
Toyota;Corolla;9.917;0.0;0.0;0.0;27;27.4002;0;0.0;0.0;0.0;0.0;-1;-1;0.0;296.23333333333335;30;30.0936;0;0.0;0.0;0.0;0.0;4;1.8;Front-Wheel Drive;75;;;1800;0;Regular;Regular Gasoline;;;34;34.2029;0;0.0;0.0;0.0;0.0;0;0;30847;0;12;Y;false;0;92;0;0.0;0.0;0.0;0.0;Manual 5-spd;35.8;0.0;49.7;0.0;Compact Cars;2011;500;;;;;;;;;;;0.0;;2013-01-01;2016-09-26;;0;0;0;Corolla
Toyota;Corolla LE Eco;9.015454545454546;0.0;0.0;0.0;30;30.0849;0;0.0;0.0;0.0;0.0;266;-1;0.0;266.0;33;33.262;0;0.0;0.0;0.0;0.0;4;1.8;Front-Wheel Drive;64;2-mode Normal/Eco Transmission;8;1650;0;Regular;Regular Gasoline;8;;38;38.1914;0;0.0;0.0;0.0;0.0;0;0;34403;0;13;Y;false;0;98;0;0.0;0.0;0.0;0.0;Automatic (variable gear ratios);39.8;0.0;56.3;0.0;Midsize Cars;2014;1250;;;;;;;;;TYX;;0.0;;2013-01-01;2016-09-26;N;0;0;0;Corolla
Toyota;Corolla iM;9.917;0.0;0.0;0.0;27;26.7185;0;0.0;0.0;0.0;0.0;297;-1;0.0;297.0;30;29.7398;0;0.0;0.0;0.0;0.0;4;1.8;Front-Wheel Drive;52;;7;1800;0;Regular;Regular Gasoline;7;;35;34.5091;0;0.0;0.0;0.0;0.0;21;90;39347;0;0;N;false;0;0;0;0.0;0.0;0.0;0.0;Manual 6-spd;34.8;0.0;50.2;0.0;Midsize Cars;2018;500;;;;;;;;;TYX;;0.0;;2017-08-28;2017-12-20;N;0;0;0;Corolla
Toyota;Corolla XLE;9.2971875;0.0;0.0;0.0;29;28.8832;0;0.0;0.0;0.0;0.0;274;-1;0.0;274.0;32;32.2043;0;0.0;0.0;0.0;0.0;4;1.8;Front-Wheel Drive;15;;7;1700;0;Regular;Regular Gasoline;7;;37;37.4703;0;0.0;0.0;0.0;0.0;0;0;41219;0;13;N;false;0;89;0;0.0;0.0;0.0;0.0;Automatic (variable gear ratios);37.9972;0.0;55.0926;0.0;Compact Cars;2020;1000;;;;;;;;;TYX;;0.0;;2019-02-06;2019-04-16;N;0;0;0;Corolla
Toyota;Corolla Hatchback XSE;9.015454545454546;0.0;0.0;0.0;30;29.8859;0;0.0;0.0;0.0;0.0;266;-1;0.0;266.0;33;33.1681;0;0.0;0.0;0.0;0.0;4;2.0;Front-Wheel Drive;72;SIDI & PFI;7;1650;0;Regular;Regular Gasoline;7;;38;38.3105;0;0.0;0.0;0.0;0.0;18;85;42094;0;0;N;false;0;0;0;0.0;0.0;0.0;0.0;Automatic (AV-S10);39.5;0.0;56.5;0.0;Compact Cars;2020;1250;;;;;;;;;TYX;;0.0;;2019-09-25;2019-11-08;N;0;0;0;Corolla
Toyota;Corolla XLE;9.2971875;0.0;0.0;0.0;29;28.8851;0;0.0;0.0;0.0;0.0;274;-1;0.0;274.0;32;32.2071;0;0.0;0.0;0.0;0.0;4;1.8;Front-Wheel Drive;4;;7;1700;0;Regular;Regular Gasoline;7;;37;37.4747;0;0.0;0.0;0.0;0.0;0;0;42584;0;13;N;false;0;89;0;0.0;0.0;0.0;0.0;Automatic (variable gear ratios);38.0;0.0;55.1;0.0;Compact Cars;2021;1000;;;;;;;;;TYX;;0.0;;2020-04-24;2020-08-24;N;0;0;0;Corolla
Toyota;Corolla;11.900400000000001;0.0;0.0;0.0;23;0.0;0;0.0;0.0;0.0;0.0;-1;-1;0.0;355.48;25;0.0;0;0.0;0.0;0.0;0.0;4;1.6;Front-Wheel Drive;57020;4A-F     FFS;;2150;0;Regular;Regular Gasoline;;;28;0.0;0;0.0;0.0;0.0;0.0;0;0;4339;12;13;N;false;76;84;0;0.0;0.0;0.0;0.0;Automatic 3-spd;30.0;0.0;39.0;0.0;Subcompact Cars;1988;-1250;;;;;;;;;;;0.0;;2013-01-01;2013-01-01;;0;0;0;Corolla
Toyota;Corolla FX;12.39625;0.0;0.0;0.0;22;0.0;0;0.0;0.0;0.0;0.0;-1;-1;0.0;370.2916666666667;24;0.0;0;0.0;0.0;0.0;0.0;4;1.6;Front-Wheel Drive;57025;FFS;;2250;0;Regular;Regular Gasoline;;;27;0.0;0;0.0;0.0;0.0;0.0;14;86;4346;0;0;N;false;0;0;0;0.0;0.0;0.0;0.0;Manual 5-spd;28.0;0.0;37.1795;0.0;Subcompact Cars;1988;-1750;;;;;;;;;;;0.0;;2013-01-01;2013-01-01;;0;0;0;Corolla
Toyota;Corolla;9.917;0.0;0.0;0.0;26;0.0;0;0.0;0.0;0.0;0.0;-1;-1;0.0;296.23333333333335;30;0.0;0;0.0;0.0;0.0;0.0;4;1.8;Front-Wheel Drive;0;;;1800;0;Regular;Regular Gasoline;;;35;0.0;0;0.0;0.0;0.0;0.0;0;0;25255;0;12;Y;false;0;92;0;0.0;0.0;0.0;0.0;Manual 5-spd;34.0;0.0;50.0;0.0;Compact Cars;2009;500;;;;;;;;;;;0.0;;2013-01-01;2013-01-01;;0;0;0;Corolla
Toyota;Corolla;11.52241935483871;0.0;0.0;0.0;29;0.0;0;0.0;0.0;0.0;0.0;-1;-1;0.0;328.38709677419354;31;0.0;0;0.0;0.0;0.0;0.0;4;1.8;;57040;DIESEL;;1800;0;Diesel;Diesel;;;35;0.0;0;0.0;0.0;0.0;0.0;20;85;26913;0;13;N;false;0;87;0;0.0;0.0;0.0;0.0;Automatic 3-spd;38.0;0.0;49.0;0.0;Compact Cars;1984;500;;;;;Diesel;;;;;;0.0;;2013-01-01;2013-01-01;;0;0;0;Corolla
Toyota;Corolla Hybrid AWD;6.76159090909091;0.0;0.0;0.0;47;47.0;0;0.0;0.0;0.0;0.0;199;-1;0.0;199.0;44;44.0;0;0.0;0.0;0.0;0.0;4;1.8;All-Wheel Drive;89;Hybrid;8;1200;0;Regular;Regular Gasoline;8;;41;41.0;0;0.0;0.0;0.0;0.0;0;0;47342;0;13;N;false;0;89;0;0.0;0.0;0.0;0.0;Automatic (variable gear ratios);65.5;0.0;61.0;0.0;Compact Cars;2024;3500;;;;;Hybrid;;;207V Li-Ion;TYX;;0.0;;2023-11-06;2024-01-18;Y;0;0;0;Corolla
Toyota;Corolla;11.900400000000001;0.0;0.0;0.0;23;0.0;0;0.0;0.0;0.0;0.0;-1;-1;0.0;355.48;25;0.0;0;0.0;0.0;0.0;0.0;4;1.6;Front-Wheel Drive;57002;FFS;;2150;0;Regular;Regular Gasoline;;;27;0.0;0;0.0;0.0;0.0;0.0;0;0;12787;0;13;Y;false;0;89;0;0.0;0.0;0.0;0.0;Automatic 3-spd;29.0;0.0;38.0;0.0;Compact Cars;1996;-1250;;;;;;;;;;;0.0;;2013-01-01;2013-01-01;;0;0;0;Corolla
Toyota;Corolla;10.625357142857142;0.0;0.0;0.0;25;0.0;0;0.0;0.0;0.0;0.0;-1;-1;0.0;317.39285714285717;28;0.0;0;0.0;0.0;0.0;0.0;4;1.8;Front-Wheel Drive;57002;FFS;;1900;0;Regular;Regular Gasoline;;;32;0.0;0;0.0;0.0;0.0;0.0;0;0;13415;0;13;N;false;0;86;0;0.0;0.0;0.0;0.0;Manual 5-spd;32.2222;0.0;44.8718;0.0;Subcompact Cars;1997;0;;;;;;;;;;;0.0;;2013-01-01;2013-01-01;;0;0;0;Corolla
Toyota;Corolla;9.917;0.0;0.0;0.0;27;0.0;0;0.0;0.0;0.0;0.0;-1;-1;0.0;296.23333333333335;30;0.0;0;0.0;0.0;0.0;0.0;4;1.8;Front-Wheel Drive;0;;;1800;0;Regular;Regular Gasoline;;;34;0.0;0;0.0;0.0;0.0;0.0;0;0;14265;0;12;Y;false;0;88;0;0.0;0.0;0.0;0.0;Manual 5-spd;34.3556;0.0;48.3532;0.0;Compact Cars;1998;500;;;;;;;;;;;0.0;;2013-01-01;2013-01-01;;0;0;0;Corolla
Toyota;Corolla Hatchback;9.597096774193549;0.0;0.0;0.0;28;28.1579;0;0.0;0.0;0.0;0.0;284;-1;0.0;284.0;31;31.1966;0;0.0;0.0;0.0;0.0;4;2.0;Front-Wheel Drive;41;SIDI & PFI;7;1750;0;Regular;Regular Gasoline;7;;36;35.9365;0;0.0;0.0;0.0;0.0;18;85;44237;0;0;N;false;0;0;0;0.0;0.0;0.0;0.0;Manual 6-spd;36.9188;0.0;52.5454;0.0;Compact Cars;2022;750;;;;;;;;;TYX;;0.0;;2021-07-26;2021-10-26;N;0;0;0;Corolla
Toyota;Corolla;10.25896551724138;0.0;0.0;0.0;27;26.8491;0;0.0;0.0;0.0;0.0;-1;-1;0.0;306.44827586206895;29;29.4384;0;0.0;0.0;0.0;0.0;4;1.8;Front-Wheel Drive;69;;;1850;0;Regular;Regular Gasoline;;;33;33.372;0;0.0;0.0;0.0;0.0;0;0;32182;0;12;N;false;0;92;0;0.0;0.0;0.0;0.0;Manual 5-spd;34.991;0.0;48.3487;0.0;Compact Cars;2012;250;;;;;;;;;TYX;;0.0;;2013-01-01;2016-09-26;;0;0;0;Corolla
Toyota;Corolla;9.597096774193549;0.0;0.0;0.0;28;0.0;0;0.0;0.0;0.0;0.0;-1;-1;0.0;286.6774193548387;31;0.0;0;0.0;0.0;0.0;0.0;4;1.8;Front-Wheel Drive;0;;;1750;0;Regular;Regular Gasoline;;;37;0.0;0;0.0;0.0;0.0;0.0;0;0;21882;0;14;Y;false;0;89;0;0.0;0.0;0.0;0.0;Manual 5-spd;35.7499;0.0;52.5496;0.0;Compact Cars;2006;750;;;;;;;;;;;0.0;;2013-01-01;2013-01-01;;0;0;0;Corolla
Toyota;Corolla Sport;11.018888888888888;0.0;0.0;0.0;25;0.0;0;0.0;0.0;0.0;0.0;-1;-1;0.0;329.14814814814815;27;0.0;0;0.0;0.0;0.0;0.0;4;1.6;;57036;FFS CA model;;2000;0;Regular;Regular Gasoline;;;31;0.0;0;0.0;0.0;0.0;0.0;12;78;27866;10;0;N;false;79;0;0;0.0;0.0;0.0;0.0;Manual 5-spd;32.0;0.0;43.0;0.0;Subcompact Cars;1984;-500;;;;;;;;;;;0.0;;2013-01-01;2013-01-01;;0;0;0;Corolla
Toyota;Corolla;10.25896551724138;0.0;0.0;0.0;26;0.0;0;0.0;0.0;0.0;0.0;-1;-1;0.0;306.44827586206895;29;0.0;0;0.0;0.0;0.0;0.0;4;1.6;;57035;FFS CA model;;1850;0;Regular;Regular Gasoline;;;33;0.0;0;0.0;0.0;0.0;0.0;20;85;27988;0;13;N;false;0;87;0;0.0;0.0;0.0;0.0;Manual 5-spd;34.0;0.0;46.0;0.0;Compact Cars;1984;250;;;;;;;;;;;0.0;;2013-01-01;2013-01-01;;0;0;0;Corolla
Toyota;Corolla;13.52318181818182;0.0;0.0;0.0;19;0.0;0;0.0;0.0;0.0;0.0;-1;-1;0.0;403.95454545454544;22;0.0;0;0.0;0.0;0.0;0.0;4;1.6;4-Wheel or All-Wheel Drive;57007;4A-FE    FFS;;2450;0;Regular;Regular Gasoline;;;26;0.0;0;0.0;0.0;0.0;0.0;0;0;6621;12;11;N;false;76;84;0;0.0;0.0;0.0;0.0;Manual 5-spd;24.4444;0.0;36.0;0.0;Subcompact Cars;1990;-2750;;;;;;;;;;;0.0;;2013-01-01;2013-01-01;;0;0;0;Corolla
Toyota;Corolla All-Trac Wagon;13.52318181818182;0.0;0.0;0.0;19;0.0;0;0.0;0.0;0.0;0.0;-1;-1;0.0;403.95454545454544;22;0.0;0;0.0;0.0;0.0;0.0;4;1.6;4-Wheel or All-Wheel Drive;57007;4A-FE    FFS;;2450;0;Regular;Regular Gasoline;;;26;0.0;0;0.0;0.0;0.0;0.0;0;0;6940;0;26;N;false;0;87;0;0.0;0.0;0.0;0.0;Manual 5-spd;24.0;0.0;36.0;0.0;Small Station Wagons;1990;-2750;;;;;;;;;;;0.0;;2013-01-01;2013-01-01;;0;0;0;Corolla
Toyota;Corolla;11.018888888888888;0.0;0.0;0.0;24;0.0;0;0.0;0.0;0.0;0.0;-1;-1;0.0;329.14814814814815;27;0.0;0;0.0;0.0;0.0;0.0;4;1.6;Front-Wheel Drive;57004;FFS;;2000;0;Regular;Regular Gasoline;;;30;0.0;0;0.0;0.0;0.0;0.0;0;0;8816;0;13;Y;false;0;84;0;0.0;0.0;0.0;0.0;Manual 5-spd;31.1111;0.0;42.0;0.0;Subcompact Cars;1992;-500;;;;;;;;;;;0.0;;2013-01-01;2013-01-01;;0;0;0;Corolla
Toyota;Corolla;8.500285714285715;0.0;0.0;0.0;32;32.0;0;0.0;0.0;0.0;0.0;254;-1;0.0;254.0;35;35.0;0;0.0;0.0;0.0;0.0;4;2.0;Front-Wheel Drive;48;SIDI & PFI;7;1550;0;Regular;Regular Gasoline;7;;41;41.0;0;0.0;0.0;0.0;0.0;0;0;45931;0;13;Y;false;0;89;0;0.0;0.0;0.0;0.0;Automatic (AV-S10);43.5;0.0;62.6994;0.0;Compact Cars;2023;1750;;;;;;;;;TYX;;0.0;;2022-10-03;2023-05-17;N;0;0;0;Corolla
Toyota;Corolla Wagon;11.442692307692308;0.0;0.0;0.0;24;0.0;0;0.0;0.0;0.0;0.0;-1;-1;0.0;341.8076923076923;26;0.0;0;0.0;0.0;0.0;0.0;4;1.6;Front-Wheel Drive;57007;4A-FE    FFS;;2050;0;Regular;Regular Gasoline;;;30;0.0;0;0.0;0.0;0.0;0.0;0;0;6942;0;31;Y;false;0;88;0;0.0;0.0;0.0;0.0;Manual 5-spd;31.0;0.0;42.0;0.0;Small Station Wagons;1990;-750;;;;;;;;;;;0.0;;2013-01-01;2013-01-01;;0;0;0;Corolla
Toyota;Corolla;11.442692307692308;0.0;0.0;0.0;24;0.0;0;0.0;0.0;0.0;0.0;-1;-1;0.0;341.8076923076923;26;0.0;0;0.0;0.0;0.0;0.0;4;1.8;Front-Wheel Drive;0;;;2050;0;Regular;Regular Gasoline;;;30;0.0;0;0.0;0.0;0.0;0.0;0;0;14263;0;12;Y;false;0;88;0;0.0;0.0;0.0;0.0;Automatic 3-spd;30.9;0.0;42.0;0.0;Compact Cars;1998;-750;;;;;;;;;;;0.0;;2013-01-01;2013-01-01;;0;0;0;Corolla
Toyota;Corolla;10.625357142857142;0.0;0.0;0.0;25;0.0;0;0.0;0.0;0.0;0.0;-1;-1;0.0;317.39285714285717;28;0.0;0;0.0;0.0;0.0;0.0;4;1.8;Front-Wheel Drive;0;;;1900;0;Regular;Regular Gasoline;;;34;0.0;0;0.0;0.0;0.0;0.0;0;0;18604;0;14;Y;false;0;90;0;0.0;0.0;0.0;0.0;Automatic 4-spd;32.2;0.0;48.3;0.0;Compact Cars;2003;0;;CLKUP;;;;;;;;;0.0;;2013-01-01;2013-01-01;;0;0;0;Corolla
Toyota;Corolla Hatchback;8.264166666666668;0.0;0.0;0.0;32;32.0528;0;0.0;0.0;0.0;0.0;249;-1;0.0;249.0;36;35.7647;0;0.0;0.0;0.0;0.0;4;2.0;Front-Wheel Drive;67;SIDI & PFI;8;1500;0;Regular;Regular Gasoline;8;;42;41.6616;0;0.0;0.0;0.0;0.0;18;85;40334;0;0;Y;false;0;0;0;0.0;0.0;0.0;0.0;Automatic (AV-S10);42.7963;0.0;62.2;0.0;Compact Cars;2019;2000;;;;;;;;;TYX;;0.0;;2018-06-27;2018-08-10;N;0;0;0;Corolla
Toyota;Corolla APEX;8.750294117647059;0.0;0.0;0.0;31;30.6746;0;0.0;0.0;0.0;0.0;264;-1;0.0;264.0;34;33.6302;0;0.0;0.0;0.0;0.0;4;2.0;Front-Wheel Drive;26;SIDI & PFI;7;1600;0;Regular;Regular Gasoline;7;;38;38.1193;0;0.0;0.0;0.0;0.0;0;0;43298;0;13;N;false;0;89;0;0.0;0.0;0.0;0.0;Automatic (AV-S10);40.692;0.0;56.1789;0.0;Compact Cars;2021;1500;;;;;;;;;TYX;;0.0;;2020-10-12;2021-04-26;N;0;0;0;Corolla
Toyota;Corolla;10.625357142857142;0.0;0.0;0.0;26;0.0;0;0.0;0.0;0.0;0.0;-1;-1;0.0;317.39285714285717;28;0.0;0;0.0;0.0;0.0;0.0;4;1.6;Front-Wheel Drive;57020;4A-F     FFS;;1900;0;Regular;Regular Gasoline;;;32;0.0;0;0.0;0.0;0.0;0.0;0;0;4341;12;13;Y;false;76;84;0;0.0;0.0;0.0;0.0;Manual 5-spd;33.0;0.0;45.0;0.0;Subcompact Cars;1988;0;;;;;;;;;;;0.0;;2013-01-01;2013-01-01;;0;0;0;Corolla
Toyota;Corolla APEX;8.750294117647059;0.0;0.0;0.0;31;30.6003;0;0.0;0.0;0.0;0.0;265;-1;0.0;265.0;34;33.5547;0;0.0;0.0;0.0;0.0;4;2.0;Front-Wheel Drive;12;SIDI & PFI;7;1600;0;Regular;Regular Gasoline;7;;38;38.0439;0;0.0;0.0;0.0;0.0;0;0;44077;0;13;N;false;0;89;0;0.0;0.0;0.0;0.0;Automatic (AV-S10);40.5794;0.0;56.0525;0.0;Compact Cars;2022;1500;;;;;;;;;TYX;;0.0;;2021-06-24;2021-10-26;N;0;0;0;Corolla
Toyota;Corolla Cross 4WD;9.917;0.0;0.0;0.0;29;29.0;0;0.0;0.0;0.0;0.0;293;-1;0.0;293.0;30;30.0;0;0.0;0.0;0.0;0.0;4;2.0;All-Wheel Drive;80;SIDI & PFI;6;1800;0;Regular;Regular Gasoline;6;;32;31.6472;0;0.0;0.0;0.0;0.0;0;0;46296;0;0;N;false;0;0;0;0.0;0.0;0.0;0.0;Automatic (AV-S10);39.2519;0.0;50.7409;0.0;Small Sport Utility Vehicle 4WD;2023;500;;;;;;;;;TYX;;0.0;;2022-12-12;2023-05-17;Y;0;0;0;Corolla Cross
Toyota;Corolla Sport;11.442692307692308;0.0;0.0;0.0;23;0.0;0;0.0;0.0;0.0;0.0;-1;-1;0.0;341.8076923076923;26;0.0;0;0.0;0.0;0.0;0.0;4;1.6;Rear-Wheel Drive;57020;FFS;;2050;0;Regular;Regular Gasoline;;;30;0.0;0;0.0;0.0;0.0;0.0;12;77;3143;9;0;N;false;78;0;0;0.0;0.0;0.0;0.0;Automatic 4-spd;30.0;0.0;42.3077;0.0;Subcompact Cars;1987;-750;;;;;;;;;;;0.0;;2013-01-01;2013-01-01;;0;0;0;Corolla
Toyota;Corolla;10.625357142857142;0.0;0.0;0.0;25;0.0;0;0.0;0.0;0.0;0.0;-1;-1;0.0;317.39285714285717;28;0.0;0;0.0;0.0;0.0;0.0;4;1.8;Front-Wheel Drive;0;;;1900;0;Regular;Regular Gasoline;;;34;0.0;0;0.0;0.0;0.0;0.0;0;0;19675;0;14;Y;false;0;90;0;0.0;0.0;0.0;0.0;Automatic 4-spd;32.2;0.0;48.3;0.0;Compact Cars;2004;0;;CLKUP;;;;;;;;;0.0;;2013-01-01;2013-01-01;;0;0;0;Corolla
Toyota;Corolla Sport;11.442692307692308;0.0;0.0;0.0;23;0.0;0;0.0;0.0;0.0;0.0;-1;-1;0.0;341.8076923076923;26;0.0;0;0.0;0.0;0.0;0.0;4;1.6;;57031;FFS;;2050;0;Regular;Regular Gasoline;;;31;0.0;0;0.0;0.0;0.0;0.0;12;78;26771;10;0;N;false;79;0;0;0.0;0.0;0.0;0.0;Automatic 4-spd;30.0;0.0;43.0;0.0;Subcompact Cars;1984;-750;;;;;;;;;;;0.0;;2013-01-01;2013-01-01;;0;0;0;Corolla
Toyota;Corolla Hybrid;5.950200000000001;0.0;0.0;0.0;53;53.0;0;0.0;0.0;0.0;0.0;176;-1;0.0;176.0;50;50.0;0;0.0;0.0;0.0;0.0;4;1.8;Front-Wheel Drive;86;Hybrid;8;1050;0;Regular;Regular Gasoline;8;;46;46.0;0;0.0;0.0;0.0;0.0;0;0;47339;0;13;Y;false;0;89;0;0.0;0.0;0.0;0.0;Automatic (variable gear ratios);77.1;0.0;72.2;0.0;Compact Cars;2024;4250;;;;;Hybrid;;;207V Li-Ion;TYX;;0.0;;2023-11-06;2024-01-18;Y;0;0;0;Corolla
Toyota;Corolla;8.750294117647059;0.0;0.0;0.0;31;30.8774;0;0.0;0.0;0.0;0.0;257;-1;0.0;257.0;34;34.2793;0;0.0;0.0;0.0;0.0;4;2.0;Front-Wheel Drive;9;SIDI & PFI;7;1600;0;Regular;Regular Gasoline;7;;40;39.6137;0;0.0;0.0;0.0;0.0;0;0;42587;0;13;N;false;0;89;0;0.0;0.0;0.0;0.0;Automatic (AV-S10);41.0;0.0;58.7;0.0;Compact Cars;2021;1500;;;;;;;;;TYX;;0.0;;2020-04-24;2020-08-24;N;0;0;0;Corolla
Toyota;Corolla FX;12.935217391304349;0.0;0.0;0.0;21;0.0;0;0.0;0.0;0.0;0.0;-1;-1;0.0;386.39130434782606;23;0.0;0;0.0;0.0;0.0;0.0;4;1.6;Front-Wheel Drive;57025;FFS;;2350;0;Regular;Regular Gasoline;;;26;0.0;0;0.0;0.0;0.0;0.0;14;86;4345;0;0;N;false;0;0;0;0.0;0.0;0.0;0.0;Automatic 4-spd;26.0;0.0;37.0;0.0;Subcompact Cars;1988;-2250;;2MODE 2LKUP;;;;;;;;;0.0;;2013-01-01;2013-01-01;;0;0;0;Corolla
Toyota;Corolla Wagon;11.442692307692308;0.0;0.0;0.0;23;0.0;0;0.0;0.0;0.0;0.0;-1;-1;0.0;341.8076923076923;26;0.0;0;0.0;0.0;0.0;0.0;4;1.8;Front-Wheel Drive;57006;FFS;;2050;0;Regular;Regular Gasoline;;;30;0.0;0;0.0;0.0;0.0;0.0;0;0;10161;0;31;Y;false;0;91;0;0.0;0.0;0.0;0.0;Manual 5-spd;30.0;0.0;42.3077;0.0;Small Station Wagons;1993;-750;;;;;;;;;;;0.0;;2013-01-01;2013-01-01;;0;0;0;Corolla
Toyota;Corolla XLE;9.2971875;0.0;0.0;0.0;29;28.8851;0;0.0;0.0;0.0;0.0;274;-1;0.0;274.0;32;32.2071;0;0.0;0.0;0.0;0.0;4;1.8;Front-Wheel Drive;3;;7;1700;0;Regular;Regular Gasoline;7;;37;37.4747;0;0.0;0.0;0.0;0.0;0;0;44072;0;13;N;false;0;89;0;0.0;0.0;0.0;0.0;Automatic (variable gear ratios);38.0;0.0;55.1;0.0;Compact Cars;2022;1000;;;;;;;;;TYX;;0.0;;2021-06-24;2021-10-26;N;0;0;0;Corolla
Toyota;Corolla;9.2971875;0.0;0.0;0.0;29;28.6188;0;0.0;0.0;0.0;0.0;280;-1;0.0;280.0;32;31.5481;0;0.0;0.0;0.0;0.0;4;1.8;Front-Wheel Drive;60;;8;1700;0;Regular;Regular Gasoline;8;;36;36.0592;0;0.0;0.0;0.0;0.0;0;0;34400;0;13;Y;false;0;98;0;0.0;0.0;0.0;0.0;Automatic (AV-S7);37.6032;0.0;52.7481;0.0;Midsize Cars;2014;1000;;;;;;;;;TYX;;0.0;;2013-01-01;2017-04-05;N;0;0;0;Corolla
Toyota;Corolla;9.597096774193549;0.0;0.0;0.0;28;28.3993;0;0.0;0.0;0.0;0.0;283;-1;0.0;283.0;31;31.275;0;0.0;0.0;0.0;0.0;4;1.8;Front-Wheel Drive;131;;8;1750;0;Regular;Regular Gasoline;8;;36;35.6922;0;0.0;0.0;0.0;0.0;0;0;35503;0;13;Y;false;0;98;0;0.0;0.0;0.0;0.0;Automatic (AV-S7);37.2769;0.0;52.1422;0.0;Midsize Cars;2015;750;;;;;;;;;TYX;;0.0;;2014-08-12;2017-04-05;N;0;0;0;Corolla
Toyota;Corolla;10.25896551724138;0.0;0.0;0.0;26;0.0;0;0.0;0.0;0.0;0.0;-1;-1;0.0;306.44827586206895;29;0.0;0;0.0;0.0;0.0;0.0;4;1.8;Front-Wheel Drive;3;;;1850;0;Regular;Regular Gasoline;;;34;0.0;0;0.0;0.0;0.0;0.0;0;0;26376;0;12;Y;false;0;92;0;0.0;0.0;0.0;0.0;Automatic 4-spd;34.2;0.0;48.4;0.0;Compact Cars;2010;250;;;;;;;;;;;0.0;;2013-01-01;2013-01-01;;0;0;0;Corolla
Toyota;Corolla Wagon;11.900400000000001;0.0;0.0;0.0;23;0.0;0;0.0;0.0;0.0;0.0;-1;-1;0.0;355.48;25;0.0;0;0.0;0.0;0.0;0.0;4;1.8;Front-Wheel Drive;57006;FFS;;2150;0;Regular;Regular Gasoline;;;30;0.0;0;0.0;0.0;0.0;0.0;0;0;10160;0;31;Y;false;0;91;0;0.0;0.0;0.0;0.0;Automatic 4-spd;29.0;0.0;42.0;0.0;Small Station Wagons;1993;-1250;;;;;;;;;;;0.0;;2013-01-01;2013-01-01;;0;0;0;Corolla
Toyota;Corolla Wagon;11.018888888888888;0.0;0.0;0.0;24;0.0;0;0.0;0.0;0.0;0.0;-1;-1;0.0;329.14814814814815;27;0.0;0;0.0;0.0;0.0;0.0;4;1.8;Front-Wheel Drive;57005;FFS;;2000;0;Regular;Regular Gasoline;;;31;0.0;0;0.0;0.0;0.0;0.0;0;0;12097;0;31;Y;false;0;91;0;0.0;0.0;0.0;0.0;Manual 5-spd;31.0;0.0;44.0;0.0;Small Station Wagons;1995;-500;;;;;;;;;;;0.0;;2013-01-01;2013-01-01;;0;0;0;Corolla
Toyota;Corolla;11.442692307692308;0.0;0.0;0.0;24;0.0;0;0.0;0.0;0.0;0.0;-1;-1;0.0;341.8076923076923;26;0.0;0;0.0;0.0;0.0;0.0;4;1.8;Front-Wheel Drive;0;;;2050;0;Regular;Regular Gasoline;;;30;0.0;0;0.0;0.0;0.0;0.0;0;0;15040;0;12;Y;false;0;88;0;0.0;0.0;0.0;0.0;Automatic 3-spd;30.9;0.0;42.0;0.0;Compact Cars;1999;-750;;CLKUP;;;;;;;;;0.0;;2013-01-01;2013-01-01;;0;0;0;Corolla
